,fed_rate,sp500,bond_yield
2020-01-01,1.55,,
2020-01-02,1.55,3257.85,1.88
2020-01-03,1.55,3234.85,1.8
2020-01-04,1.55,3234.85,1.8
2020-01-05,1.55,3234.85,1.8
2020-01-06,1.55,3246.28,1.81
2020-01-07,1.55,3237.18,1.83
2020-01-08,1.55,3253.05,1.87
2020-01-09,1.55,3274.7,1.85
2020-01-10,1.54,3265.35,1.83
2020-01-11,1.54,3265.35,1.83
2020-01-12,1.54,3265.35,1.83
2020-01-13,1.54,3288.13,1.85
2020-01-14,1.54,3283.15,1.82
2020-01-15,1.54,3289.29,1.79
2020-01-16,1.54,3316.81,1.81
2020-01-17,1.55,3329.62,1.84
2020-01-18,1.55,3329.62,1.84
2020-01-19,1.55,3329.62,1.84
2020-01-20,1.55,3329.62,1.84
2020-01-21,1.55,3320.79,1.78
2020-01-22,1.55,3321.75,1.77
2020-01-23,1.55,3325.54,1.74
2020-01-24,1.55,3295.47,1.7
2020-01-25,1.55,3295.47,1.7
2020-01-26,1.55,3295.47,1.7
2020-01-27,1.55,3243.63,1.61
2020-01-28,1.55,3276.24,1.65
2020-01-29,1.55,3273.4,1.6
2020-01-30,1.6,3283.66,1.57
2020-01-31,1.59,3225.52,1.51
2020-02-01,1.59,3225.52,1.51
2020-02-02,1.59,3225.52,1.51
2020-02-03,1.59,3248.92,1.54
2020-02-04,1.59,3297.59,1.61
2020-02-05,1.59,3334.69,1.66
2020-02-06,1.59,3345.78,1.65
2020-02-07,1.58,3327.71,1.59
2020-02-08,1.58,3327.71,1.59
2020-02-09,1.58,3327.71,1.59
2020-02-10,1.58,3352.09,1.56
2020-02-11,1.58,3357.75,1.59
2020-02-12,1.58,3379.45,1.62
2020-02-13,1.58,3373.94,1.61
2020-02-14,1.58,3380.16,1.59
2020-02-15,1.58,3380.16,1.59
2020-02-16,1.58,3380.16,1.59
2020-02-17,1.58,3380.16,1.59
2020-02-18,1.59,3370.29,1.55
2020-02-19,1.59,3386.15,1.56
2020-02-20,1.59,3373.23,1.52
2020-02-21,1.58,3337.75,1.46
2020-02-22,1.58,3337.75,1.46
2020-02-23,1.58,3337.75,1.46
2020-02-24,1.58,3225.89,1.38
2020-02-25,1.58,3128.21,1.33
2020-02-26,1.58,3116.39,1.33
2020-02-27,1.58,2978.76,1.3
2020-02-28,1.58,2954.22,1.13
2020-02-29,1.58,2954.22,1.13
2020-03-01,1.58,2954.22,1.13
2020-03-02,1.59,3090.23,1.1
2020-03-03,1.59,3003.37,1.02
2020-03-04,1.09,3130.12,1.02
2020-03-05,1.09,3023.94,0.92
2020-03-06,1.09,2972.37,0.74
2020-03-07,1.09,2972.37,0.74
2020-03-08,1.09,2972.37,0.74
2020-03-09,1.09,2746.56,0.54
2020-03-10,1.09,2882.23,0.76
2020-03-11,1.09,2741.38,0.82
2020-03-12,1.1,2480.64,0.88
2020-03-13,1.1,2711.02,0.94
2020-03-14,1.1,2711.02,0.94
2020-03-15,1.1,2711.02,0.94
2020-03-16,0.25,2386.13,0.73
2020-03-17,0.25,2529.19,1.02
2020-03-18,0.25,2398.1,1.18
2020-03-19,0.2,2409.39,1.12
2020-03-20,0.15,2304.92,0.92
2020-03-21,0.15,2304.92,0.92
2020-03-22,0.15,2304.92,0.92
2020-03-23,0.15,2237.4,0.76
2020-03-24,0.12,2447.33,0.84
2020-03-25,0.1,2475.56,0.88
2020-03-26,0.1,2630.07,0.83
2020-03-27,0.1,2541.47,0.72
2020-03-28,0.1,2541.47,0.72
2020-03-29,0.1,2541.47,0.72
2020-03-30,0.09,2626.65,0.7
2020-03-31,0.08,2584.59,0.7
2020-04-01,0.06,2470.5,0.62
2020-04-02,0.05,2526.9,0.63
2020-04-03,0.05,2488.65,0.62
2020-04-04,0.05,2488.65,0.62
2020-04-05,0.05,2488.65,0.62
2020-04-06,0.05,2663.68,0.67
2020-04-07,0.05,2659.41,0.75
2020-04-08,0.05,2749.98,0.77
2020-04-09,0.05,2789.82,0.73
2020-04-10,0.05,2789.82,0.73
2020-04-11,0.05,2789.82,0.73
2020-04-12,0.05,2789.82,0.73
2020-04-13,0.05,2761.63,0.76
2020-04-14,0.05,2846.06,0.76
2020-04-15,0.05,2783.36,0.63
2020-04-16,0.05,2799.55,0.61
2020-04-17,0.05,2874.56,0.65
2020-04-18,0.05,2874.56,0.65
2020-04-19,0.05,2874.56,0.65
2020-04-20,0.05,2823.16,0.63
2020-04-21,0.05,2736.56,0.58
2020-04-22,0.05,2799.31,0.63
2020-04-23,0.04,2797.8,0.61
2020-04-24,0.05,2836.74,0.6
2020-04-25,0.05,2836.74,0.6
2020-04-26,0.05,2836.74,0.6
2020-04-27,0.04,2878.48,0.67
2020-04-28,0.04,2863.39,0.62
2020-04-29,0.04,2939.51,0.63
2020-04-30,0.05,2912.43,0.64
2020-05-01,0.05,2830.71,0.64
2020-05-02,0.05,2830.71,0.64
2020-05-03,0.05,2830.71,0.64
2020-05-04,0.05,2842.74,0.64
2020-05-05,0.05,2868.44,0.66
2020-05-06,0.05,2848.42,0.72
2020-05-07,0.05,2881.19,0.63
2020-05-08,0.05,2929.8,0.69
2020-05-09,0.05,2929.8,0.69
2020-05-10,0.05,2929.8,0.69
2020-05-11,0.05,2930.32,0.73
2020-05-12,0.05,2870.12,0.69
2020-05-13,0.05,2820.0,0.64
2020-05-14,0.05,2852.5,0.63
2020-05-15,0.05,2863.7,0.64
2020-05-16,0.05,2863.7,0.64
2020-05-17,0.05,2863.7,0.64
2020-05-18,0.05,2953.91,0.73
2020-05-19,0.05,2922.94,0.7
2020-05-20,0.05,2971.61,0.68
2020-05-21,0.05,2948.51,0.68
2020-05-22,0.05,2955.45,0.66
2020-05-23,0.05,2955.45,0.66
2020-05-24,0.05,2955.45,0.66
2020-05-25,0.05,2955.45,0.66
2020-05-26,0.05,2991.77,0.69
2020-05-27,0.05,3036.13,0.68
2020-05-28,0.05,3029.73,0.7
2020-05-29,0.05,3044.31,0.65
2020-05-30,0.05,3044.31,0.65
2020-05-31,0.05,3044.31,0.65
2020-06-01,0.05,3055.73,0.66
2020-06-02,0.06,3080.82,0.68
2020-06-03,0.06,3122.87,0.77
2020-06-04,0.06,3112.35,0.82
2020-06-05,0.07,3193.93,0.91
2020-06-06,0.07,3193.93,0.91
2020-06-07,0.07,3193.93,0.91
2020-06-08,0.07,3232.39,0.88
2020-06-09,0.07,3207.18,0.84
2020-06-10,0.08,3190.14,0.75
2020-06-11,0.08,3002.1,0.66
2020-06-12,0.08,3041.31,0.71
2020-06-13,0.08,3041.31,0.71
2020-06-14,0.08,3041.31,0.71
2020-06-15,0.09,3066.59,0.71
2020-06-16,0.09,3124.74,0.75
2020-06-17,0.09,3113.49,0.74
2020-06-18,0.09,3115.34,0.71
2020-06-19,0.09,3097.74,0.7
2020-06-20,0.09,3097.74,0.7
2020-06-21,0.09,3097.74,0.7
2020-06-22,0.08,3117.86,0.71
2020-06-23,0.08,3131.29,0.72
2020-06-24,0.08,3050.33,0.69
2020-06-25,0.08,3083.76,0.68
2020-06-26,0.08,3009.05,0.64
2020-06-27,0.08,3009.05,0.64
2020-06-28,0.08,3009.05,0.64
2020-06-29,0.08,3053.24,0.64
2020-06-30,0.08,3100.29,0.66
2020-07-01,0.08,3115.86,0.69
2020-07-02,0.09,3130.01,0.68
2020-07-03,0.09,3130.01,0.68
2020-07-04,0.09,3130.01,0.68
2020-07-05,0.09,3130.01,0.68
2020-07-06,0.09,3179.72,0.69
2020-07-07,0.09,3145.32,0.65
2020-07-08,0.09,3169.94,0.67
2020-07-09,0.09,3152.05,0.62
2020-07-10,0.09,3185.04,0.65
2020-07-11,0.09,3185.04,0.65
2020-07-12,0.09,3185.04,0.65
2020-07-13,0.09,3155.22,0.64
2020-07-14,0.09,3197.52,0.63
2020-07-15,0.1,3226.56,0.64
2020-07-16,0.1,3215.57,0.62
2020-07-17,0.09,3224.73,0.64
2020-07-18,0.09,3224.73,0.64
2020-07-19,0.09,3224.73,0.64
2020-07-20,0.1,3251.84,0.62
2020-07-21,0.1,3257.3,0.61
2020-07-22,0.09,3276.02,0.6
2020-07-23,0.09,3235.66,0.59
2020-07-24,0.09,3215.63,0.59
2020-07-25,0.09,3215.63,0.59
2020-07-26,0.09,3215.63,0.59
2020-07-27,0.1,3239.41,0.62
2020-07-28,0.1,3218.44,0.59
2020-07-29,0.1,3258.44,0.58
2020-07-30,0.1,3246.22,0.55
2020-07-31,0.1,3271.12,0.55
2020-08-01,0.1,3271.12,0.55
2020-08-02,0.1,3271.12,0.55
2020-08-03,0.1,3294.61,0.56
2020-08-04,0.1,3306.51,0.52
2020-08-05,0.1,3327.77,0.55
2020-08-06,0.1,3349.16,0.55
2020-08-07,0.1,3351.28,0.57
2020-08-08,0.1,3351.28,0.57
2020-08-09,0.1,3351.28,0.57
2020-08-10,0.1,3360.47,0.59
2020-08-11,0.1,3333.69,0.64
2020-08-12,0.1,3380.35,0.69
2020-08-13,0.1,3373.43,0.71
2020-08-14,0.1,3372.85,0.71
2020-08-15,0.1,3372.85,0.71
2020-08-16,0.1,3372.85,0.71
2020-08-17,0.1,3381.99,0.69
2020-08-18,0.09,3389.78,0.67
2020-08-19,0.09,3374.85,0.68
2020-08-20,0.09,3385.51,0.65
2020-08-21,0.09,3397.16,0.64
2020-08-22,0.09,3397.16,0.64
2020-08-23,0.09,3397.16,0.64
2020-08-24,0.09,3431.28,0.65
2020-08-25,0.09,3443.62,0.69
2020-08-26,0.09,3478.73,0.69
2020-08-27,0.08,3484.55,0.74
2020-08-28,0.09,3508.01,0.74
2020-08-29,0.09,3508.01,0.74
2020-08-30,0.09,3508.01,0.74
2020-08-31,0.09,3500.31,0.72
2020-09-01,0.09,3526.65,0.68
2020-09-02,0.09,3580.84,0.66
2020-09-03,0.09,3455.06,0.63
2020-09-04,0.09,3426.96,0.72
2020-09-05,0.09,3426.96,0.72
2020-09-06,0.09,3426.96,0.72
2020-09-07,0.09,3426.96,0.72
2020-09-08,0.09,3331.84,0.69
2020-09-09,0.09,3398.96,0.71
2020-09-10,0.09,3339.19,0.68
2020-09-11,0.09,3340.97,0.67
2020-09-12,0.09,3340.97,0.67
2020-09-13,0.09,3340.97,0.67
2020-09-14,0.09,3383.54,0.68
2020-09-15,0.09,3401.2,0.68
2020-09-16,0.09,3385.49,0.69
2020-09-17,0.09,3357.01,0.69
2020-09-18,0.09,3319.47,0.7
2020-09-19,0.09,3319.47,0.7
2020-09-20,0.09,3319.47,0.7
2020-09-21,0.09,3281.06,0.68
2020-09-22,0.09,3315.57,0.68
2020-09-23,0.09,3236.92,0.68
2020-09-24,0.09,3246.59,0.67
2020-09-25,0.09,3298.46,0.66
2020-09-26,0.09,3298.46,0.66
2020-09-27,0.09,3298.46,0.66
2020-09-28,0.09,3351.6,0.67
2020-09-29,0.09,3335.47,0.66
2020-09-30,0.09,3363.0,0.69
2020-10-01,0.09,3380.8,0.68
2020-10-02,0.09,3348.44,0.7
2020-10-03,0.09,3348.44,0.7
2020-10-04,0.09,3348.44,0.7
2020-10-05,0.09,3408.63,0.78
2020-10-06,0.09,3360.95,0.76
2020-10-07,0.09,3419.45,0.81
2020-10-08,0.09,3446.83,0.78
2020-10-09,0.09,3477.13,0.79
2020-10-10,0.09,3477.13,0.79
2020-10-11,0.09,3477.13,0.79
2020-10-12,0.09,3534.22,0.79
2020-10-13,0.09,3511.93,0.74
2020-10-14,0.09,3488.67,0.73
2020-10-15,0.09,3483.34,0.74
2020-10-16,0.09,3483.81,0.76
2020-10-17,0.09,3483.81,0.76
2020-10-18,0.09,3483.81,0.76
2020-10-19,0.09,3426.92,0.78
2020-10-20,0.09,3443.12,0.81
2020-10-21,0.09,3435.56,0.83
2020-10-22,0.09,3453.49,0.87
2020-10-23,0.09,3465.39,0.85
2020-10-24,0.09,3465.39,0.85
2020-10-25,0.09,3465.39,0.85
2020-10-26,0.09,3400.97,0.81
2020-10-27,0.09,3390.68,0.79
2020-10-28,0.09,3271.03,0.79
2020-10-29,0.09,3310.11,0.85
2020-10-30,0.09,3269.96,0.88
2020-10-31,0.09,3269.96,0.88
2020-11-01,0.09,3269.96,0.88
2020-11-02,0.09,3310.24,0.87
2020-11-03,0.09,3369.16,0.9
2020-11-04,0.09,3443.44,0.78
2020-11-05,0.09,3510.45,0.79
2020-11-06,0.09,3509.44,0.83
2020-11-07,0.09,3509.44,0.83
2020-11-08,0.09,3509.44,0.83
2020-11-09,0.09,3550.5,0.96
2020-11-10,0.09,3545.53,0.98
2020-11-11,0.09,3572.66,0.98
2020-11-12,0.09,3537.01,0.88
2020-11-13,0.09,3585.15,0.89
2020-11-14,0.09,3585.15,0.89
2020-11-15,0.09,3585.15,0.89
2020-11-16,0.09,3626.91,0.91
2020-11-17,0.09,3609.53,0.87
2020-11-18,0.09,3567.79,0.88
2020-11-19,0.08,3581.87,0.86
2020-11-20,0.08,3557.54,0.83
2020-11-21,0.08,3557.54,0.83
2020-11-22,0.08,3557.54,0.83
2020-11-23,0.08,3577.59,0.86
2020-11-24,0.08,3635.41,0.88
2020-11-25,0.08,3629.65,0.88
2020-11-26,0.08,3629.65,0.88
2020-11-27,0.08,3638.35,0.84
2020-11-28,0.08,3638.35,0.84
2020-11-29,0.08,3638.35,0.84
2020-11-30,0.09,3621.63,0.84
2020-12-01,0.09,3662.45,0.92
2020-12-02,0.09,3669.01,0.95
2020-12-03,0.09,3666.72,0.92
2020-12-04,0.09,3699.12,0.97
2020-12-05,0.09,3699.12,0.97
2020-12-06,0.09,3699.12,0.97
2020-12-07,0.09,3691.96,0.94
2020-12-08,0.09,3702.25,0.92
2020-12-09,0.09,3672.82,0.95
2020-12-10,0.09,3668.1,0.92
2020-12-11,0.09,3663.46,0.9
2020-12-12,0.09,3663.46,0.9
2020-12-13,0.09,3663.46,0.9
2020-12-14,0.09,3647.49,0.9
2020-12-15,0.09,3694.62,0.92
2020-12-16,0.09,3701.17,0.92
2020-12-17,0.09,3722.48,0.94
2020-12-18,0.09,3709.41,0.95
2020-12-19,0.09,3709.41,0.95
2020-12-20,0.09,3709.41,0.95
2020-12-21,0.09,3694.92,0.95
2020-12-22,0.09,3687.26,0.93
2020-12-23,0.09,3690.01,0.96
2020-12-24,0.09,3703.06,0.94
2020-12-25,0.09,3703.06,0.94
2020-12-26,0.09,3703.06,0.94
2020-12-27,0.09,3703.06,0.94
2020-12-28,0.09,3735.36,0.94
2020-12-29,0.09,3727.04,0.94
2020-12-30,0.09,3732.04,0.93
2020-12-31,0.09,3756.07,0.93
2021-01-01,0.09,3756.07,0.93
2021-01-02,0.09,3756.07,0.93
2021-01-03,0.09,3756.07,0.93
2021-01-04,0.09,3700.65,0.93
2021-01-05,0.09,3726.86,0.96
2021-01-06,0.09,3748.14,1.04
2021-01-07,0.09,3803.79,1.08
2021-01-08,0.09,3824.68,1.13
2021-01-09,0.09,3824.68,1.13
2021-01-10,0.09,3824.68,1.13
2021-01-11,0.09,3799.61,1.15
2021-01-12,0.09,3801.19,1.15
2021-01-13,0.09,3809.84,1.1
2021-01-14,0.09,3795.54,1.15
2021-01-15,0.09,3768.25,1.11
2021-01-16,0.09,3768.25,1.11
2021-01-17,0.09,3768.25,1.11
2021-01-18,0.09,3768.25,1.11
2021-01-19,0.09,3798.91,1.1
2021-01-20,0.09,3851.85,1.1
2021-01-21,0.08,3853.07,1.12
2021-01-22,0.08,3841.47,1.1
2021-01-23,0.08,3841.47,1.1
2021-01-24,0.08,3841.47,1.1
2021-01-25,0.08,3855.36,1.05
2021-01-26,0.08,3849.62,1.05
2021-01-27,0.08,3750.77,1.04
2021-01-28,0.07,3787.38,1.07
2021-01-29,0.07,3714.24,1.11
2021-01-30,0.07,3714.24,1.11
2021-01-31,0.07,3714.24,1.11
2021-02-01,0.08,3773.86,1.09
2021-02-02,0.08,3826.31,1.12
2021-02-03,0.08,3830.17,1.15
2021-02-04,0.08,3871.74,1.15
2021-02-05,0.08,3886.83,1.19
2021-02-06,0.08,3886.83,1.19
2021-02-07,0.08,3886.83,1.19
2021-02-08,0.07,3915.59,1.19
2021-02-09,0.08,3911.23,1.18
2021-02-10,0.08,3909.88,1.15
2021-02-11,0.08,3916.38,1.16
2021-02-12,0.08,3934.83,1.2
2021-02-13,0.08,3934.83,1.2
2021-02-14,0.08,3934.83,1.2
2021-02-15,0.08,3934.83,1.2
2021-02-16,0.08,3932.59,1.3
2021-02-17,0.08,3931.33,1.29
2021-02-18,0.07,3913.97,1.29
2021-02-19,0.07,3906.71,1.34
2021-02-20,0.07,3906.71,1.34
2021-02-21,0.07,3906.71,1.34
2021-02-22,0.07,3876.5,1.37
2021-02-23,0.07,3881.37,1.37
2021-02-24,0.07,3925.43,1.38
2021-02-25,0.07,3829.34,1.54
2021-02-26,0.07,3811.15,1.44
2021-02-27,0.07,3811.15,1.44
2021-02-28,0.07,3811.15,1.44
2021-03-01,0.07,3901.82,1.45
2021-03-02,0.07,3870.29,1.42
2021-03-03,0.07,3819.72,1.47
2021-03-04,0.07,3768.47,1.54
2021-03-05,0.07,3841.94,1.56
2021-03-06,0.07,3841.94,1.56
2021-03-07,0.07,3841.94,1.56
2021-03-08,0.07,3821.35,1.59
2021-03-09,0.07,3875.44,1.55
2021-03-10,0.07,3898.81,1.53
2021-03-11,0.07,3939.34,1.54
2021-03-12,0.07,3943.34,1.64
2021-03-13,0.07,3943.34,1.64
2021-03-14,0.07,3943.34,1.64
2021-03-15,0.07,3968.94,1.62
2021-03-16,0.07,3962.71,1.62
2021-03-17,0.07,3974.12,1.63
2021-03-18,0.07,3915.46,1.71
2021-03-19,0.07,3913.1,1.74
2021-03-20,0.07,3913.1,1.74
2021-03-21,0.07,3913.1,1.74
2021-03-22,0.07,3940.59,1.69
2021-03-23,0.07,3910.52,1.63
2021-03-24,0.07,3889.14,1.62
2021-03-25,0.07,3909.52,1.63
2021-03-26,0.07,3974.54,1.67
2021-03-27,0.07,3974.54,1.67
2021-03-28,0.07,3974.54,1.67
2021-03-29,0.07,3971.09,1.73
2021-03-30,0.07,3958.55,1.73
2021-03-31,0.06,3972.89,1.74
2021-04-01,0.07,4019.87,1.69
2021-04-02,0.07,4019.87,1.72
2021-04-03,0.07,4019.87,1.72
2021-04-04,0.07,4019.87,1.72
2021-04-05,0.07,4077.91,1.73
2021-04-06,0.07,4073.94,1.67
2021-04-07,0.07,4079.95,1.68
2021-04-08,0.07,4097.17,1.64
2021-04-09,0.07,4128.8,1.67
2021-04-10,0.07,4128.8,1.67
2021-04-11,0.07,4128.8,1.67
2021-04-12,0.07,4127.99,1.69
2021-04-13,0.07,4141.59,1.64
2021-04-14,0.07,4124.66,1.64
2021-04-15,0.07,4170.42,1.56
2021-04-16,0.07,4185.47,1.59
2021-04-17,0.07,4185.47,1.59
2021-04-18,0.07,4185.47,1.59
2021-04-19,0.07,4163.26,1.61
2021-04-20,0.07,4134.94,1.58
2021-04-21,0.07,4173.42,1.57
2021-04-22,0.07,4134.98,1.57
2021-04-23,0.07,4180.17,1.58
2021-04-24,0.07,4180.17,1.58
2021-04-25,0.07,4180.17,1.58
2021-04-26,0.07,4187.62,1.58
2021-04-27,0.07,4186.72,1.63
2021-04-28,0.07,4183.18,1.63
2021-04-29,0.06,4211.47,1.65
2021-04-30,0.05,4181.17,1.65
2021-05-01,0.05,4181.17,1.65
2021-05-02,0.05,4181.17,1.65
2021-05-03,0.06,4192.66,1.63
2021-05-04,0.06,4164.66,1.61
2021-05-05,0.06,4167.59,1.59
2021-05-06,0.06,4201.62,1.58
2021-05-07,0.06,4232.6,1.6
2021-05-08,0.06,4232.6,1.6
2021-05-09,0.06,4232.6,1.6
2021-05-10,0.06,4188.43,1.63
2021-05-11,0.06,4152.1,1.64
2021-05-12,0.06,4063.04,1.69
2021-05-13,0.06,4112.5,1.66
2021-05-14,0.06,4173.85,1.63
2021-05-15,0.06,4173.85,1.63
2021-05-16,0.06,4173.85,1.63
2021-05-17,0.06,4163.29,1.64
2021-05-18,0.06,4127.83,1.64
2021-05-19,0.06,4115.68,1.68
2021-05-20,0.06,4159.12,1.63
2021-05-21,0.06,4155.86,1.63
2021-05-22,0.06,4155.86,1.63
2021-05-23,0.06,4155.86,1.63
2021-05-24,0.06,4197.05,1.61
2021-05-25,0.06,4188.13,1.56
2021-05-26,0.06,4195.99,1.58
2021-05-27,0.06,4200.88,1.61
2021-05-28,0.05,4204.11,1.58
2021-05-29,0.05,4204.11,1.58
2021-05-30,0.05,4204.11,1.58
2021-05-31,0.05,4204.11,1.58
2021-06-01,0.06,4202.04,1.62
2021-06-02,0.06,4208.12,1.59
2021-06-03,0.06,4192.85,1.63
2021-06-04,0.06,4229.89,1.56
2021-06-05,0.06,4229.89,1.56
2021-06-06,0.06,4229.89,1.56
2021-06-07,0.06,4226.52,1.57
2021-06-08,0.06,4227.26,1.53
2021-06-09,0.06,4219.55,1.5
2021-06-10,0.06,4239.18,1.45
2021-06-11,0.06,4247.44,1.47
2021-06-12,0.06,4247.44,1.47
2021-06-13,0.06,4247.44,1.47
2021-06-14,0.06,4255.15,1.51
2021-06-15,0.06,4246.59,1.51
2021-06-16,0.06,4223.7,1.57
2021-06-17,0.1,4221.86,1.52
2021-06-18,0.1,4166.45,1.45
2021-06-19,0.1,4166.45,1.45
2021-06-20,0.1,4166.45,1.45
2021-06-21,0.1,4224.79,1.5
2021-06-22,0.1,4246.44,1.48
2021-06-23,0.1,4241.84,1.5
2021-06-24,0.1,4266.49,1.49
2021-06-25,0.1,4280.7,1.54
2021-06-26,0.1,4280.7,1.54
2021-06-27,0.1,4280.7,1.54
2021-06-28,0.1,4290.61,1.49
2021-06-29,0.1,4291.8,1.49
2021-06-30,0.08,4297.5,1.45
2021-07-01,0.1,4319.94,1.48
2021-07-02,0.1,4352.34,1.44
2021-07-03,0.1,4352.34,1.44
2021-07-04,0.1,4352.34,1.44
2021-07-05,0.1,4352.34,1.44
2021-07-06,0.1,4343.54,1.37
2021-07-07,0.1,4358.13,1.33
2021-07-08,0.1,4320.82,1.3
2021-07-09,0.1,4369.55,1.37
2021-07-10,0.1,4369.55,1.37
2021-07-11,0.1,4369.55,1.37
2021-07-12,0.1,4384.63,1.38
2021-07-13,0.1,4369.21,1.42
2021-07-14,0.1,4374.3,1.37
2021-07-15,0.1,4360.03,1.31
2021-07-16,0.1,4327.16,1.31
2021-07-17,0.1,4327.16,1.31
2021-07-18,0.1,4327.16,1.31
2021-07-19,0.1,4258.49,1.19
2021-07-20,0.1,4323.06,1.23
2021-07-21,0.1,4358.69,1.3
2021-07-22,0.1,4367.48,1.27
2021-07-23,0.1,4411.79,1.3
2021-07-24,0.1,4411.79,1.3
2021-07-25,0.1,4411.79,1.3
2021-07-26,0.1,4422.3,1.29
2021-07-27,0.1,4401.46,1.25
2021-07-28,0.1,4400.64,1.26
2021-07-29,0.1,4419.15,1.28
2021-07-30,0.07,4395.26,1.24
2021-07-31,0.07,4395.26,1.24
2021-08-01,0.07,4395.26,1.24
2021-08-02,0.1,4387.16,1.2
2021-08-03,0.1,4423.15,1.19
2021-08-04,0.1,4402.66,1.19
2021-08-05,0.1,4429.1,1.23
2021-08-06,0.1,4436.52,1.31
2021-08-07,0.1,4436.52,1.31
2021-08-08,0.1,4436.52,1.31
2021-08-09,0.1,4432.35,1.33
2021-08-10,0.1,4436.75,1.36
2021-08-11,0.1,4447.7,1.35
2021-08-12,0.1,4460.83,1.36
2021-08-13,0.1,4468.0,1.29
2021-08-14,0.1,4468.0,1.29
2021-08-15,0.1,4468.0,1.29
2021-08-16,0.1,4479.71,1.26
2021-08-17,0.1,4448.08,1.26
2021-08-18,0.09,4400.27,1.27
2021-08-19,0.09,4405.8,1.24
2021-08-20,0.09,4441.67,1.26
2021-08-21,0.09,4441.67,1.26
2021-08-22,0.09,4441.67,1.26
2021-08-23,0.09,4479.53,1.25
2021-08-24,0.09,4486.23,1.29
2021-08-25,0.09,4496.19,1.35
2021-08-26,0.09,4470.0,1.34
2021-08-27,0.08,4509.37,1.31
2021-08-28,0.08,4509.37,1.31
2021-08-29,0.08,4509.37,1.31
2021-08-30,0.08,4528.79,1.29
2021-08-31,0.06,4522.68,1.3
2021-09-01,0.08,4524.09,1.31
2021-09-02,0.08,4536.95,1.29
2021-09-03,0.08,4535.43,1.33
2021-09-04,0.08,4535.43,1.33
2021-09-05,0.08,4535.43,1.33
2021-09-06,0.08,4535.43,1.33
2021-09-07,0.08,4520.03,1.38
2021-09-08,0.08,4514.07,1.35
2021-09-09,0.08,4493.28,1.3
2021-09-10,0.08,4458.58,1.35
2021-09-11,0.08,4458.58,1.35
2021-09-12,0.08,4458.58,1.35
2021-09-13,0.08,4468.73,1.33
2021-09-14,0.08,4443.05,1.28
2021-09-15,0.08,4480.7,1.31
2021-09-16,0.08,4473.75,1.34
2021-09-17,0.08,4432.99,1.37
2021-09-18,0.08,4432.99,1.37
2021-09-19,0.08,4432.99,1.37
2021-09-20,0.08,4357.73,1.31
2021-09-21,0.08,4354.19,1.33
2021-09-22,0.08,4395.64,1.32
2021-09-23,0.08,4448.98,1.41
2021-09-24,0.08,4455.48,1.47
2021-09-25,0.08,4455.48,1.47
2021-09-26,0.08,4455.48,1.47
2021-09-27,0.08,4443.11,1.48
2021-09-28,0.08,4352.63,1.54
2021-09-29,0.08,4359.46,1.55
2021-09-30,0.06,4307.54,1.52
2021-10-01,0.08,4357.04,1.48
2021-10-02,0.08,4357.04,1.48
2021-10-03,0.08,4357.04,1.48
2021-10-04,0.08,4300.46,1.49
2021-10-05,0.08,4345.72,1.54
2021-10-06,0.08,4363.55,1.53
2021-10-07,0.08,4399.76,1.58
2021-10-08,0.08,4391.34,1.61
2021-10-09,0.08,4391.34,1.61
2021-10-10,0.08,4391.34,1.61
2021-10-11,0.08,4361.19,1.61
2021-10-12,0.08,4350.65,1.59
2021-10-13,0.08,4363.8,1.56
2021-10-14,0.08,4438.26,1.52
2021-10-15,0.08,4471.37,1.59
2021-10-16,0.08,4471.37,1.59
2021-10-17,0.08,4471.37,1.59
2021-10-18,0.08,4486.46,1.59
2021-10-19,0.08,4519.63,1.65
2021-10-20,0.08,4536.19,1.65
2021-10-21,0.08,4549.78,1.68
2021-10-22,0.08,4544.9,1.66
2021-10-23,0.08,4544.9,1.66
2021-10-24,0.08,4544.9,1.66
2021-10-25,0.08,4566.48,1.64
2021-10-26,0.08,4574.79,1.63
2021-10-27,0.08,4551.68,1.54
2021-10-28,0.08,4596.42,1.57
2021-10-29,0.07,4605.38,1.55
2021-10-30,0.07,4605.38,1.55
2021-10-31,0.07,4605.38,1.55
2021-11-01,0.08,4613.67,1.58
2021-11-02,0.08,4630.65,1.56
2021-11-03,0.08,4660.57,1.6
2021-11-04,0.08,4680.06,1.53
2021-11-05,0.08,4697.53,1.45
2021-11-06,0.08,4697.53,1.45
2021-11-07,0.08,4697.53,1.45
2021-11-08,0.08,4701.7,1.51
2021-11-09,0.08,4685.25,1.46
2021-11-10,0.08,4646.71,1.56
2021-11-11,0.08,4649.27,1.56
2021-11-12,0.08,4682.85,1.58
2021-11-13,0.08,4682.85,1.58
2021-11-14,0.08,4682.85,1.58
2021-11-15,0.08,4682.8,1.63
2021-11-16,0.08,4700.9,1.63
2021-11-17,0.08,4688.67,1.6
2021-11-18,0.08,4704.54,1.59
2021-11-19,0.08,4697.96,1.54
2021-11-20,0.08,4697.96,1.54
2021-11-21,0.08,4697.96,1.54
2021-11-22,0.08,4682.94,1.63
2021-11-23,0.08,4690.7,1.67
2021-11-24,0.08,4701.46,1.64
2021-11-25,0.08,4701.46,1.64
2021-11-26,0.08,4594.62,1.48
2021-11-27,0.08,4594.62,1.48
2021-11-28,0.08,4594.62,1.48
2021-11-29,0.08,4655.27,1.52
2021-11-30,0.07,4567.0,1.43
2021-12-01,0.08,4513.04,1.43
2021-12-02,0.08,4577.1,1.44
2021-12-03,0.08,4538.43,1.35
2021-12-04,0.08,4538.43,1.35
2021-12-05,0.08,4538.43,1.35
2021-12-06,0.08,4591.67,1.43
2021-12-07,0.08,4686.75,1.48
2021-12-08,0.08,4701.21,1.52
2021-12-09,0.08,4667.45,1.49
2021-12-10,0.08,4712.02,1.48
2021-12-11,0.08,4712.02,1.48
2021-12-12,0.08,4712.02,1.48
2021-12-13,0.08,4668.97,1.42
2021-12-14,0.08,4634.09,1.44
2021-12-15,0.08,4709.85,1.47
2021-12-16,0.08,4668.67,1.44
2021-12-17,0.08,4620.64,1.41
2021-12-18,0.08,4620.64,1.41
2021-12-19,0.08,4620.64,1.41
2021-12-20,0.08,4568.02,1.43
2021-12-21,0.08,4649.23,1.48
2021-12-22,0.08,4696.56,1.46
2021-12-23,0.08,4725.79,1.5
2021-12-24,0.08,4725.79,1.5
2021-12-25,0.08,4725.79,1.5
2021-12-26,0.08,4725.79,1.5
2021-12-27,0.08,4791.19,1.48
2021-12-28,0.08,4786.35,1.49
2021-12-29,0.08,4793.06,1.55
2021-12-30,0.08,4778.73,1.52
2021-12-31,0.07,4766.18,1.52
2022-01-01,0.07,4766.18,1.52
2022-01-02,0.07,4766.18,1.52
2022-01-03,0.08,4796.56,1.63
2022-01-04,0.08,4793.54,1.66
2022-01-05,0.08,4700.58,1.71
2022-01-06,0.08,4696.05,1.73
2022-01-07,0.08,4677.03,1.76
2022-01-08,0.08,4677.03,1.76
2022-01-09,0.08,4677.03,1.76
2022-01-10,0.08,4670.29,1.78
2022-01-11,0.08,4713.07,1.75
2022-01-12,0.08,4726.35,1.74
2022-01-13,0.08,4659.03,1.7
2022-01-14,0.08,4662.85,1.78
2022-01-15,0.08,4662.85,1.78
2022-01-16,0.08,4662.85,1.78
2022-01-17,0.08,4662.85,1.78
2022-01-18,0.08,4577.11,1.87
2022-01-19,0.08,4532.76,1.83
2022-01-20,0.08,4482.73,1.83
2022-01-21,0.08,4397.94,1.75
2022-01-22,0.08,4397.94,1.75
2022-01-23,0.08,4397.94,1.75
2022-01-24,0.08,4410.13,1.75
2022-01-25,0.08,4356.45,1.78
2022-01-26,0.08,4349.93,1.85
2022-01-27,0.08,4326.51,1.81
2022-01-28,0.08,4431.85,1.78
2022-01-29,0.08,4431.85,1.78
2022-01-30,0.08,4431.85,1.78
2022-01-31,0.08,4515.55,1.79
2022-02-01,0.08,4546.54,1.81
2022-02-02,0.08,4589.38,1.78
2022-02-03,0.08,4477.44,1.82
2022-02-04,0.08,4500.53,1.93
2022-02-05,0.08,4500.53,1.93
2022-02-06,0.08,4500.53,1.93
2022-02-07,0.08,4483.87,1.92
2022-02-08,0.08,4521.54,1.96
2022-02-09,0.08,4587.18,1.94
2022-02-10,0.08,4504.08,2.03
2022-02-11,0.08,4418.64,1.92
2022-02-12,0.08,4418.64,1.92
2022-02-13,0.08,4418.64,1.92
2022-02-14,0.08,4401.67,1.98
2022-02-15,0.08,4471.07,2.05
2022-02-16,0.08,4475.01,2.03
2022-02-17,0.08,4380.26,1.97
2022-02-18,0.08,4348.87,1.92
2022-02-19,0.08,4348.87,1.92
2022-02-20,0.08,4348.87,1.92
2022-02-21,0.08,4348.87,1.92
2022-02-22,0.08,4304.76,1.94
2022-02-23,0.08,4225.5,1.99
2022-02-24,0.08,4288.7,1.96
2022-02-25,0.08,4384.65,1.97
2022-02-26,0.08,4384.65,1.97
2022-02-27,0.08,4384.65,1.97
2022-02-28,0.08,4373.94,1.83
2022-03-01,0.08,4306.26,1.72
2022-03-02,0.08,4386.54,1.86
2022-03-03,0.08,4363.49,1.86
2022-03-04,0.08,4328.87,1.74
2022-03-05,0.08,4328.87,1.74
2022-03-06,0.08,4328.87,1.74
2022-03-07,0.08,4201.09,1.78
2022-03-08,0.08,4170.7,1.86
2022-03-09,0.08,4277.88,1.94
2022-03-10,0.08,4259.52,1.98
2022-03-11,0.08,4204.31,2.0
2022-03-12,0.08,4204.31,2.0
2022-03-13,0.08,4204.31,2.0
2022-03-14,0.08,4173.11,2.14
2022-03-15,0.08,4262.45,2.15
2022-03-16,0.08,4357.86,2.19
2022-03-17,0.33,4411.67,2.2
2022-03-18,0.33,4463.12,2.14
2022-03-19,0.33,4463.12,2.14
2022-03-20,0.33,4463.12,2.14
2022-03-21,0.33,4461.18,2.32
2022-03-22,0.33,4511.61,2.38
2022-03-23,0.33,4456.24,2.32
2022-03-24,0.33,4520.16,2.34
2022-03-25,0.33,4543.06,2.48
2022-03-26,0.33,4543.06,2.48
2022-03-27,0.33,4543.06,2.48
2022-03-28,0.33,4575.52,2.46
2022-03-29,0.33,4631.6,2.41
2022-03-30,0.33,4602.45,2.35
2022-03-31,0.33,4530.41,2.32
2022-04-01,0.33,4545.86,2.39
2022-04-02,0.33,4545.86,2.39
2022-04-03,0.33,4545.86,2.39
2022-04-04,0.33,4582.64,2.42
2022-04-05,0.33,4525.12,2.54
2022-04-06,0.33,4481.15,2.61
2022-04-07,0.33,4500.21,2.66
2022-04-08,0.33,4488.28,2.72
2022-04-09,0.33,4488.28,2.72
2022-04-10,0.33,4488.28,2.72
2022-04-11,0.33,4412.53,2.79
2022-04-12,0.33,4397.45,2.72
2022-04-13,0.33,4446.59,2.7
2022-04-14,0.33,4392.59,2.83
2022-04-15,0.33,4392.59,2.83
2022-04-16,0.33,4392.59,2.83
2022-04-17,0.33,4392.59,2.83
2022-04-18,0.33,4391.69,2.85
2022-04-19,0.33,4462.21,2.93
2022-04-20,0.33,4459.45,2.85
2022-04-21,0.33,4393.66,2.9
2022-04-22,0.33,4271.78,2.9
2022-04-23,0.33,4271.78,2.9
2022-04-24,0.33,4271.78,2.9
2022-04-25,0.33,4296.12,2.81
2022-04-26,0.33,4175.2,2.77
2022-04-27,0.33,4183.96,2.82
2022-04-28,0.33,4287.5,2.85
2022-04-29,0.33,4131.93,2.89
2022-04-30,0.33,4131.93,2.89
2022-05-01,0.33,4131.93,2.89
2022-05-02,0.33,4155.38,2.99
2022-05-03,0.33,4175.48,2.97
2022-05-04,0.33,4300.17,2.93
2022-05-05,0.83,4146.87,3.05
2022-05-06,0.83,4123.34,3.12
2022-05-07,0.83,4123.34,3.12
2022-05-08,0.83,4123.34,3.12
2022-05-09,0.83,3991.24,3.05
2022-05-10,0.83,4001.05,2.99
2022-05-11,0.83,3935.18,2.91
2022-05-12,0.83,3930.08,2.84
2022-05-13,0.83,4023.89,2.93
2022-05-14,0.83,4023.89,2.93
2022-05-15,0.83,4023.89,2.93
2022-05-16,0.83,4008.01,2.88
2022-05-17,0.83,4088.85,2.98
2022-05-18,0.83,3923.68,2.89
2022-05-19,0.83,3900.79,2.84
2022-05-20,0.83,3901.36,2.78
2022-05-21,0.83,3901.36,2.78
2022-05-22,0.83,3901.36,2.78
2022-05-23,0.83,3973.75,2.86
2022-05-24,0.83,3941.48,2.76
2022-05-25,0.83,3978.73,2.75
2022-05-26,0.83,4057.84,2.75
2022-05-27,0.83,4158.24,2.74
2022-05-28,0.83,4158.24,2.74
2022-05-29,0.83,4158.24,2.74
2022-05-30,0.83,4158.24,2.74
2022-05-31,0.83,4132.15,2.85
2022-06-01,0.83,4101.23,2.94
2022-06-02,0.83,4176.82,2.92
2022-06-03,0.83,4108.54,2.96
2022-06-04,0.83,4108.54,2.96
2022-06-05,0.83,4108.54,2.96
2022-06-06,0.83,4121.43,3.04
2022-06-07,0.83,4160.68,2.98
2022-06-08,0.83,4115.77,3.03
2022-06-09,0.83,4017.82,3.04
2022-06-10,0.83,3900.86,3.15
2022-06-11,0.83,3900.86,3.15
2022-06-12,0.83,3900.86,3.15
2022-06-13,0.83,3749.63,3.43
2022-06-14,0.83,3735.48,3.49
2022-06-15,0.83,3789.99,3.33
2022-06-16,1.58,3666.77,3.28
2022-06-17,1.58,3674.84,3.25
2022-06-18,1.58,3674.84,3.25
2022-06-19,1.58,3674.84,3.25
2022-06-20,1.58,3674.84,3.25
2022-06-21,1.58,3764.79,3.31
2022-06-22,1.58,3759.89,3.16
2022-06-23,1.58,3795.73,3.09
2022-06-24,1.58,3911.74,3.13
2022-06-25,1.58,3911.74,3.13
2022-06-26,1.58,3911.74,3.13
2022-06-27,1.58,3900.11,3.2
2022-06-28,1.58,3821.55,3.2
2022-06-29,1.58,3818.83,3.1
2022-06-30,1.58,3785.38,2.98
2022-07-01,1.58,3825.33,2.88
2022-07-02,1.58,3825.33,2.88
2022-07-03,1.58,3825.33,2.88
2022-07-04,1.58,3825.33,2.88
2022-07-05,1.58,3831.39,2.82
2022-07-06,1.58,3845.08,2.93
2022-07-07,1.58,3902.62,3.01
2022-07-08,1.58,3899.38,3.09
2022-07-09,1.58,3899.38,3.09
2022-07-10,1.58,3899.38,3.09
2022-07-11,1.58,3854.43,2.99
2022-07-12,1.58,3818.8,2.96
2022-07-13,1.58,3801.78,2.91
2022-07-14,1.58,3790.38,2.96
2022-07-15,1.58,3863.16,2.93
2022-07-16,1.58,3863.16,2.93
2022-07-17,1.58,3863.16,2.93
2022-07-18,1.58,3830.85,2.96
2022-07-19,1.58,3936.69,3.01
2022-07-20,1.58,3959.9,3.04
2022-07-21,1.58,3998.95,2.91
2022-07-22,1.58,3961.63,2.77
2022-07-23,1.58,3961.63,2.77
2022-07-24,1.58,3961.63,2.77
2022-07-25,1.58,3966.84,2.81
2022-07-26,1.58,3921.05,2.81
2022-07-27,1.58,4023.61,2.78
2022-07-28,2.33,4072.43,2.68
2022-07-29,2.32,4130.29,2.67
2022-07-30,2.32,4130.29,2.67
2022-07-31,2.32,4130.29,2.67
2022-08-01,2.33,4118.63,2.6
2022-08-02,2.33,4091.19,2.75
2022-08-03,2.33,4155.17,2.73
2022-08-04,2.33,4151.94,2.68
2022-08-05,2.33,4145.19,2.83
2022-08-06,2.33,4145.19,2.83
2022-08-07,2.33,4145.19,2.83
2022-08-08,2.33,4140.06,2.77
2022-08-09,2.33,4122.47,2.8
2022-08-10,2.33,4210.24,2.78
2022-08-11,2.33,4207.27,2.87
2022-08-12,2.33,4280.15,2.84
2022-08-13,2.33,4280.15,2.84
2022-08-14,2.33,4280.15,2.84
2022-08-15,2.33,4297.14,2.79
2022-08-16,2.33,4305.2,2.82
2022-08-17,2.33,4274.04,2.89
2022-08-18,2.33,4283.74,2.88
2022-08-19,2.33,4228.48,2.98
2022-08-20,2.33,4228.48,2.98
2022-08-21,2.33,4228.48,2.98
2022-08-22,2.33,4137.99,3.03
2022-08-23,2.33,4128.73,3.05
2022-08-24,2.33,4140.77,3.11
2022-08-25,2.33,4199.12,3.03
2022-08-26,2.33,4057.66,3.04
2022-08-27,2.33,4057.66,3.04
2022-08-28,2.33,4057.66,3.04
2022-08-29,2.33,4030.61,3.12
2022-08-30,2.33,3986.16,3.11
2022-08-31,2.33,3955.0,3.15
2022-09-01,2.33,3966.85,3.26
2022-09-02,2.33,3924.26,3.2
2022-09-03,2.33,3924.26,3.2
2022-09-04,2.33,3924.26,3.2
2022-09-05,2.33,3924.26,3.2
2022-09-06,2.33,3908.19,3.33
2022-09-07,2.33,3979.87,3.27
2022-09-08,2.33,4006.18,3.29
2022-09-09,2.33,4067.36,3.33
2022-09-10,2.33,4067.36,3.33
2022-09-11,2.33,4067.36,3.33
2022-09-12,2.33,4110.41,3.37
2022-09-13,2.33,3932.69,3.42
2022-09-14,2.33,3946.01,3.41
2022-09-15,2.33,3901.35,3.45
2022-09-16,2.33,3873.33,3.45
2022-09-17,2.33,3873.33,3.45
2022-09-18,2.33,3873.33,3.45
2022-09-19,2.33,3899.89,3.49
2022-09-20,2.33,3855.93,3.57
2022-09-21,2.33,3789.93,3.51
2022-09-22,3.08,3757.99,3.7
2022-09-23,3.08,3693.23,3.69
2022-09-24,3.08,3693.23,3.69
2022-09-25,3.08,3693.23,3.69
2022-09-26,3.08,3655.04,3.88
2022-09-27,3.08,3647.29,3.97
2022-09-28,3.08,3719.04,3.72
2022-09-29,3.08,3640.47,3.76
2022-09-30,3.08,3585.62,3.83
2022-10-01,3.08,3585.62,3.83
2022-10-02,3.08,3585.62,3.83
2022-10-03,3.08,3678.43,3.67
2022-10-04,3.08,3790.93,3.62
2022-10-05,3.08,3783.28,3.76
2022-10-06,3.08,3744.52,3.83
2022-10-07,3.08,3639.66,3.89
2022-10-08,3.08,3639.66,3.89
2022-10-09,3.08,3639.66,3.89
2022-10-10,3.08,3612.39,3.89
2022-10-11,3.08,3588.84,3.93
2022-10-12,3.08,3577.03,3.91
2022-10-13,3.08,3669.91,3.97
2022-10-14,3.08,3583.07,4.0
2022-10-15,3.08,3583.07,4.0
2022-10-16,3.08,3583.07,4.0
2022-10-17,3.08,3677.95,4.02
2022-10-18,3.08,3719.98,4.01
2022-10-19,3.08,3695.16,4.14
2022-10-20,3.08,3665.78,4.24
2022-10-21,3.08,3752.75,4.21
2022-10-22,3.08,3752.75,4.21
2022-10-23,3.08,3752.75,4.21
2022-10-24,3.08,3797.34,4.25
2022-10-25,3.08,3859.11,4.1
2022-10-26,3.08,3830.6,4.04
2022-10-27,3.08,3807.3,3.96
2022-10-28,3.08,3901.06,4.02
2022-10-29,3.08,3901.06,4.02
2022-10-30,3.08,3901.06,4.02
2022-10-31,3.08,3871.98,4.1
2022-11-01,3.08,3856.1,4.07
2022-11-02,3.08,3759.69,4.1
2022-11-03,3.83,3719.89,4.14
2022-11-04,3.83,3770.55,4.17
2022-11-05,3.83,3770.55,4.17
2022-11-06,3.83,3770.55,4.17
2022-11-07,3.83,3806.8,4.22
2022-11-08,3.83,3828.11,4.14
2022-11-09,3.83,3748.57,4.12
2022-11-10,3.83,3956.37,3.82
2022-11-11,3.83,3992.93,3.82
2022-11-12,3.83,3992.93,3.82
2022-11-13,3.83,3992.93,3.82
2022-11-14,3.83,3957.25,3.88
2022-11-15,3.83,3991.73,3.8
2022-11-16,3.83,3958.79,3.67
2022-11-17,3.83,3946.56,3.77
2022-11-18,3.83,3965.34,3.82
2022-11-19,3.83,3965.34,3.82
2022-11-20,3.83,3965.34,3.82
2022-11-21,3.83,3949.94,3.83
2022-11-22,3.83,4003.58,3.76
2022-11-23,3.83,4027.26,3.71
2022-11-24,3.83,4027.26,3.71
2022-11-25,3.83,4026.12,3.68
2022-11-26,3.83,4026.12,3.68
2022-11-27,3.83,4026.12,3.68
2022-11-28,3.83,3963.94,3.69
2022-11-29,3.83,3957.63,3.75
2022-11-30,3.83,4080.11,3.68
2022-12-01,3.83,4076.57,3.53
2022-12-02,3.83,4071.7,3.51
2022-12-03,3.83,4071.7,3.51
2022-12-04,3.83,4071.7,3.51
2022-12-05,3.83,3998.84,3.6
2022-12-06,3.83,3941.26,3.51
2022-12-07,3.83,3933.92,3.42
2022-12-08,3.83,3963.51,3.48
2022-12-09,3.83,3934.38,3.57
2022-12-10,3.83,3934.38,3.57
2022-12-11,3.83,3934.38,3.57
2022-12-12,3.83,3990.56,3.61
2022-12-13,3.83,4019.65,3.51
2022-12-14,3.83,3995.32,3.49
2022-12-15,4.33,3895.75,3.44
2022-12-16,4.33,3852.36,3.48
2022-12-17,4.33,3852.36,3.48
2022-12-18,4.33,3852.36,3.48
2022-12-19,4.33,3817.66,3.57
2022-12-20,4.33,3821.62,3.69
2022-12-21,4.33,3878.44,3.68
2022-12-22,4.33,3822.39,3.67
2022-12-23,4.33,3844.82,3.75
2022-12-24,4.33,3844.82,3.75
2022-12-25,4.33,3844.82,3.75
2022-12-26,4.33,3844.82,3.75
2022-12-27,4.33,3829.25,3.84
2022-12-28,4.33,3783.22,3.88
2022-12-29,4.33,3849.28,3.83
2022-12-30,4.33,3839.5,3.88
2022-12-31,4.33,3839.5,3.88
2023-01-01,4.33,3839.5,3.88
2023-01-02,4.33,3839.5,3.88
2023-01-03,4.33,3824.14,3.79
2023-01-04,4.33,3852.97,3.69
2023-01-05,4.33,3808.1,3.71
2023-01-06,4.33,3895.08,3.55
2023-01-07,4.33,3895.08,3.55
2023-01-08,4.33,3895.08,3.55
2023-01-09,4.33,3892.09,3.53
2023-01-10,4.33,3919.25,3.61
2023-01-11,4.33,3969.61,3.54
2023-01-12,4.33,3983.17,3.43
2023-01-13,4.33,3999.09,3.49
2023-01-14,4.33,3999.09,3.49
2023-01-15,4.33,3999.09,3.49
2023-01-16,4.33,3999.09,3.49
2023-01-17,4.33,3990.97,3.53
2023-01-18,4.33,3928.86,3.37
2023-01-19,4.33,3898.85,3.39
2023-01-20,4.33,3972.61,3.48
2023-01-21,4.33,3972.61,3.48
2023-01-22,4.33,3972.61,3.48
2023-01-23,4.33,4019.81,3.52
2023-01-24,4.33,4016.95,3.46
2023-01-25,4.33,4016.22,3.46
2023-01-26,4.33,4060.43,3.49
2023-01-27,4.33,4070.56,3.52
2023-01-28,4.33,4070.56,3.52
2023-01-29,4.33,4070.56,3.52
2023-01-30,4.33,4017.77,3.55
2023-01-31,4.33,4076.6,3.52
2023-02-01,4.33,4119.21,3.39
2023-02-02,4.58,4179.76,3.4
2023-02-03,4.58,4136.48,3.53
2023-02-04,4.58,4136.48,3.53
2023-02-05,4.58,4136.48,3.53
2023-02-06,4.58,4111.08,3.63
2023-02-07,4.58,4164.0,3.67
2023-02-08,4.58,4117.86,3.63
2023-02-09,4.57,4081.5,3.67
2023-02-10,4.58,4090.46,3.74
2023-02-11,4.58,4090.46,3.74
2023-02-12,4.58,4090.46,3.74
2023-02-13,4.58,4137.29,3.72
2023-02-14,4.58,4136.13,3.77
2023-02-15,4.58,4147.6,3.81
2023-02-16,4.58,4090.41,3.86
2023-02-17,4.58,4079.09,3.82
2023-02-18,4.58,4079.09,3.82
2023-02-19,4.58,4079.09,3.82
2023-02-20,4.58,4079.09,3.82
2023-02-21,4.58,3997.34,3.95
2023-02-22,4.58,3991.05,3.93
2023-02-23,4.58,4012.32,3.88
2023-02-24,4.58,3970.04,3.95
2023-02-25,4.58,3970.04,3.95
2023-02-26,4.58,3970.04,3.95
2023-02-27,4.57,3982.24,3.92
2023-02-28,4.57,3970.15,3.92
2023-03-01,4.58,3951.39,4.01
2023-03-02,4.57,3981.35,4.08
2023-03-03,4.57,4045.64,3.97
2023-03-04,4.57,4045.64,3.97
2023-03-05,4.57,4045.64,3.97
2023-03-06,4.57,4048.42,3.98
2023-03-07,4.57,3986.37,3.97
2023-03-08,4.57,3992.01,3.98
2023-03-09,4.57,3918.32,3.93
2023-03-10,4.57,3861.59,3.7
2023-03-11,4.57,3861.59,3.7
2023-03-12,4.57,3861.59,3.7
2023-03-13,4.58,3855.76,3.55
2023-03-14,4.58,3919.29,3.64
2023-03-15,4.58,3891.93,3.51
2023-03-16,4.58,3960.28,3.56
2023-03-17,4.58,3916.64,3.39
2023-03-18,4.58,3916.64,3.39
2023-03-19,4.58,3916.64,3.39
2023-03-20,4.58,3951.57,3.47
2023-03-21,4.58,4002.87,3.59
2023-03-22,4.58,3936.97,3.48
2023-03-23,4.83,3948.72,3.38
2023-03-24,4.83,3970.99,3.38
2023-03-25,4.83,3970.99,3.38
2023-03-26,4.83,3970.99,3.38
2023-03-27,4.83,3977.53,3.53
2023-03-28,4.83,3971.27,3.55
2023-03-29,4.83,4027.81,3.57
2023-03-30,4.83,4050.83,3.55
2023-03-31,4.83,4109.31,3.48
2023-04-01,4.83,4109.31,3.48
2023-04-02,4.83,4109.31,3.48
2023-04-03,4.83,4124.51,3.43
2023-04-04,4.83,4100.6,3.35
2023-04-05,4.83,4090.38,3.3
2023-04-06,4.83,4105.02,3.3
2023-04-07,4.83,4105.02,3.39
2023-04-08,4.83,4105.02,3.39
2023-04-09,4.83,4105.02,3.39
2023-04-10,4.83,4109.11,3.41
2023-04-11,4.83,4108.94,3.43
2023-04-12,4.83,4091.95,3.41
2023-04-13,4.83,4146.22,3.45
2023-04-14,4.83,4137.64,3.52
2023-04-15,4.83,4137.64,3.52
2023-04-16,4.83,4137.64,3.52
2023-04-17,4.83,4151.32,3.6
2023-04-18,4.83,4154.87,3.58
2023-04-19,4.83,4154.52,3.6
2023-04-20,4.83,4129.79,3.54
2023-04-21,4.83,4133.52,3.57
2023-04-22,4.83,4133.52,3.57
2023-04-23,4.83,4133.52,3.57
2023-04-24,4.83,4137.04,3.52
2023-04-25,4.83,4071.63,3.4
2023-04-26,4.83,4055.99,3.43
2023-04-27,4.83,4135.35,3.53
2023-04-28,4.83,4169.48,3.44
2023-04-29,4.83,4169.48,3.44
2023-04-30,4.83,4169.48,3.44
2023-05-01,4.83,4167.87,3.59
2023-05-02,4.83,4119.58,3.44
2023-05-03,4.83,4090.75,3.38
2023-05-04,5.08,4061.22,3.37
2023-05-05,5.08,4136.25,3.44
2023-05-06,5.08,4136.25,3.44
2023-05-07,5.08,4136.25,3.44
2023-05-08,5.08,4138.12,3.52
2023-05-09,5.08,4119.17,3.53
2023-05-10,5.08,4137.64,3.43
2023-05-11,5.08,4130.62,3.39
2023-05-12,5.08,4124.08,3.46
2023-05-13,5.08,4124.08,3.46
2023-05-14,5.08,4124.08,3.46
2023-05-15,5.08,4136.28,3.5
2023-05-16,5.08,4109.9,3.54
2023-05-17,5.08,4158.77,3.57
2023-05-18,5.08,4198.05,3.65
2023-05-19,5.08,4191.98,3.7
2023-05-20,5.08,4191.98,3.7
2023-05-21,5.08,4191.98,3.7
2023-05-22,5.08,4192.63,3.72
2023-05-23,5.08,4145.58,3.7
2023-05-24,5.08,4115.24,3.73
2023-05-25,5.08,4151.28,3.83
2023-05-26,5.08,4205.45,3.8
2023-05-27,5.08,4205.45,3.8
2023-05-28,5.08,4205.45,3.8
2023-05-29,5.08,4205.45,3.8
2023-05-30,5.08,4205.52,3.69
2023-05-31,5.08,4179.83,3.64
2023-06-01,5.08,4221.02,3.61
2023-06-02,5.08,4282.37,3.69
2023-06-03,5.08,4282.37,3.69
2023-06-04,5.08,4282.37,3.69
2023-06-05,5.08,4273.79,3.69
2023-06-06,5.08,4283.85,3.7
2023-06-07,5.08,4267.52,3.79
2023-06-08,5.08,4293.93,3.73
2023-06-09,5.08,4298.86,3.75
2023-06-10,5.08,4298.86,3.75
2023-06-11,5.08,4298.86,3.75
2023-06-12,5.08,4338.93,3.73
2023-06-13,5.08,4369.01,3.84
2023-06-14,5.08,4372.59,3.83
2023-06-15,5.07,4425.84,3.72
2023-06-16,5.08,4409.59,3.77
2023-06-17,5.08,4409.59,3.77
2023-06-18,5.08,4409.59,3.77
2023-06-19,5.08,4409.59,3.77
2023-06-20,5.07,4388.71,3.74
2023-06-21,5.07,4365.69,3.72
2023-06-22,5.07,4381.89,3.8
2023-06-23,5.07,4348.33,3.74
2023-06-24,5.07,4348.33,3.74
2023-06-25,5.07,4348.33,3.74
2023-06-26,5.07,4328.82,3.72
2023-06-27,5.07,4378.41,3.77
2023-06-28,5.07,4376.86,3.71
2023-06-29,5.07,4396.44,3.85
2023-06-30,5.08,4450.38,3.81
2023-07-01,5.08,4450.38,3.81
2023-07-02,5.08,4450.38,3.81
2023-07-03,5.08,4455.59,3.86
2023-07-04,5.08,4455.59,3.86
2023-07-05,5.08,4446.82,3.95
2023-07-06,5.08,4411.59,4.05
2023-07-07,5.08,4398.95,4.06
2023-07-08,5.08,4398.95,4.06
2023-07-09,5.08,4398.95,4.06
2023-07-10,5.07,4409.53,4.01
2023-07-11,5.08,4439.26,3.99
2023-07-12,5.08,4472.16,3.86
2023-07-13,5.08,4510.04,3.76
2023-07-14,5.08,4505.42,3.83
2023-07-15,5.08,4505.42,3.83
2023-07-16,5.08,4505.42,3.83
2023-07-17,5.08,4522.79,3.81
2023-07-18,5.08,4554.98,3.8
2023-07-19,5.08,4565.72,3.75
2023-07-20,5.08,4534.87,3.85
2023-07-21,5.08,4536.34,3.84
2023-07-22,5.08,4536.34,3.84
2023-07-23,5.08,4536.34,3.84
2023-07-24,5.08,4554.64,3.86
2023-07-25,5.08,4567.46,3.91
2023-07-26,5.08,4566.75,3.86
2023-07-27,5.33,4537.41,4.01
2023-07-28,5.33,4582.23,3.96
2023-07-29,5.33,4582.23,3.96
2023-07-30,5.33,4582.23,3.96
2023-07-31,5.33,4588.96,3.97
2023-08-01,5.33,4576.73,4.05
2023-08-02,5.33,4513.39,4.08
2023-08-03,5.33,4501.89,4.2
2023-08-04,5.33,4478.03,4.05
2023-08-05,5.33,4478.03,4.05
2023-08-06,5.33,4478.03,4.05
2023-08-07,5.33,4518.44,4.09
2023-08-08,5.33,4499.38,4.02
2023-08-09,5.33,4467.71,4.0
2023-08-10,5.33,4468.83,4.09
2023-08-11,5.33,4464.05,4.16
2023-08-12,5.33,4464.05,4.16
2023-08-13,5.33,4464.05,4.16
2023-08-14,5.33,4489.72,4.19
2023-08-15,5.33,4437.86,4.21
2023-08-16,5.33,4404.33,4.28
2023-08-17,5.33,4370.36,4.3
2023-08-18,5.33,4369.71,4.26
2023-08-19,5.33,4369.71,4.26
2023-08-20,5.33,4369.71,4.26
2023-08-21,5.33,4399.77,4.34
2023-08-22,5.33,4387.55,4.34
2023-08-23,5.33,4436.01,4.19
2023-08-24,5.33,4376.31,4.23
2023-08-25,5.33,4405.71,4.25
2023-08-26,5.33,4405.71,4.25
2023-08-27,5.33,4405.71,4.25
2023-08-28,5.33,4433.31,4.2
2023-08-29,5.33,4497.63,4.12
2023-08-30,5.33,4514.87,4.12
2023-08-31,5.33,4507.66,4.09
2023-09-01,5.33,4515.77,4.18
2023-09-02,5.33,4515.77,4.18
2023-09-03,5.33,4515.77,4.18
2023-09-04,5.33,4515.77,4.18
2023-09-05,5.33,4496.83,4.27
2023-09-06,5.33,4465.48,4.3
2023-09-07,5.33,4451.14,4.27
2023-09-08,5.33,4457.49,4.26
2023-09-09,5.33,4457.49,4.26
2023-09-10,5.33,4457.49,4.26
2023-09-11,5.33,4487.46,4.29
2023-09-12,5.33,4461.9,4.27
2023-09-13,5.33,4467.44,4.25
2023-09-14,5.33,4505.1,4.29
2023-09-15,5.33,4450.32,4.33
2023-09-16,5.33,4450.32,4.33
2023-09-17,5.33,4450.32,4.33
2023-09-18,5.33,4453.53,4.32
2023-09-19,5.33,4443.95,4.37
2023-09-20,5.33,4402.2,4.35
2023-09-21,5.33,4330.0,4.49
2023-09-22,5.33,4320.06,4.44
2023-09-23,5.33,4320.06,4.44
2023-09-24,5.33,4320.06,4.44
2023-09-25,5.33,4337.44,4.55
2023-09-26,5.33,4273.53,4.56
2023-09-27,5.33,4274.51,4.61
2023-09-28,5.33,4299.7,4.59
2023-09-29,5.33,4288.05,4.59
2023-09-30,5.33,4288.05,4.59
2023-10-01,5.33,4288.05,4.59
2023-10-02,5.33,4288.39,4.69
2023-10-03,5.33,4229.45,4.81
2023-10-04,5.33,4263.75,4.73
2023-10-05,5.33,4258.19,4.72
2023-10-06,5.33,4308.5,4.78
2023-10-07,5.33,4308.5,4.78
2023-10-08,5.33,4308.5,4.78
2023-10-09,5.33,4335.66,4.78
2023-10-10,5.33,4358.24,4.66
2023-10-11,5.33,4376.95,4.58
2023-10-12,5.33,4349.61,4.7
2023-10-13,5.33,4327.78,4.63
2023-10-14,5.33,4327.78,4.63
2023-10-15,5.33,4327.78,4.63
2023-10-16,5.33,4373.63,4.71
2023-10-17,5.33,4373.2,4.83
2023-10-18,5.33,4314.6,4.91
2023-10-19,5.33,4278.0,4.98
2023-10-20,5.33,4224.16,4.93
2023-10-21,5.33,4224.16,4.93
2023-10-22,5.33,4224.16,4.93
2023-10-23,5.33,4217.04,4.86
2023-10-24,5.33,4247.68,4.83
2023-10-25,5.33,4186.77,4.95
2023-10-26,5.33,4137.23,4.86
2023-10-27,5.33,4117.37,4.84
2023-10-28,5.33,4117.37,4.84
2023-10-29,5.33,4117.37,4.84
2023-10-30,5.33,4166.82,4.88
2023-10-31,5.33,4193.8,4.88
2023-11-01,5.33,4237.86,4.77
2023-11-02,5.33,4317.78,4.67
2023-11-03,5.33,4358.34,4.57
2023-11-04,5.33,4358.34,4.57
2023-11-05,5.33,4358.34,4.57
2023-11-06,5.33,4365.98,4.67
2023-11-07,5.33,4378.38,4.58
2023-11-08,5.33,4382.78,4.49
2023-11-09,5.33,4347.35,4.62
2023-11-10,5.33,4415.24,4.61
2023-11-11,5.33,4415.24,4.61
2023-11-12,5.33,4415.24,4.61
2023-11-13,5.33,4411.55,4.63
2023-11-14,5.33,4495.7,4.44
2023-11-15,5.33,4502.88,4.53
2023-11-16,5.33,4508.24,4.45
2023-11-17,5.33,4514.02,4.44
2023-11-18,5.33,4514.02,4.44
2023-11-19,5.33,4514.02,4.44
2023-11-20,5.33,4547.38,4.42
2023-11-21,5.33,4538.19,4.41
2023-11-22,5.33,4556.62,4.42
2023-11-23,5.33,4556.62,4.42
2023-11-24,5.33,4559.34,4.47
2023-11-25,5.33,4559.34,4.47
2023-11-26,5.33,4559.34,4.47
2023-11-27,5.33,4550.43,4.39
2023-11-28,5.33,4554.89,4.34
2023-11-29,5.33,4550.58,4.27
2023-11-30,5.33,4567.8,4.37
2023-12-01,5.33,4594.63,4.22
2023-12-02,5.33,4594.63,4.22
2023-12-03,5.33,4594.63,4.22
2023-12-04,5.33,4569.78,4.28
2023-12-05,5.33,4567.18,4.18
2023-12-06,5.33,4549.34,4.12
2023-12-07,5.33,4585.59,4.14
2023-12-08,5.33,4604.37,4.23
2023-12-09,5.33,4604.37,4.23
2023-12-10,5.33,4604.37,4.23
2023-12-11,5.33,4622.44,4.23
2023-12-12,5.33,4643.7,4.2
2023-12-13,5.33,4707.09,4.04
2023-12-14,5.33,4719.55,3.92
2023-12-15,5.33,4719.19,3.91
2023-12-16,5.33,4719.19,3.91
2023-12-17,5.33,4719.19,3.91
2023-12-18,5.33,4740.56,3.95
2023-12-19,5.33,4768.37,3.93
2023-12-20,5.33,4698.35,3.86
2023-12-21,5.33,4746.75,3.89
2023-12-22,5.33,4754.63,3.9
2023-12-23,5.33,4754.63,3.9
2023-12-24,5.33,4754.63,3.9
2023-12-25,5.33,4754.63,3.9
2023-12-26,5.33,4774.75,3.89
2023-12-27,5.33,4781.58,3.79
2023-12-28,5.33,4783.35,3.84
2023-12-29,5.33,4769.83,3.88
2023-12-30,5.33,4769.83,3.88
2023-12-31,5.33,4769.83,3.88
2024-01-01,5.33,4769.83,3.88
2024-01-02,5.33,4742.83,3.95
2024-01-03,5.33,4704.81,3.91
2024-01-04,5.33,4688.68,3.99
2024-01-05,5.33,4697.24,4.05
2024-01-06,5.33,4697.24,4.05
2024-01-07,5.33,4697.24,4.05
2024-01-08,5.33,4763.54,4.01
2024-01-09,5.33,4756.5,4.02
2024-01-10,5.33,4783.45,4.04
2024-01-11,5.33,4780.24,3.98
2024-01-12,5.33,4783.83,3.96
2024-01-13,5.33,4783.83,3.96
2024-01-14,5.33,4783.83,3.96
2024-01-15,5.33,4783.83,3.96
2024-01-16,5.33,4765.98,4.07
2024-01-17,5.33,4739.21,4.1
2024-01-18,5.33,4780.94,4.14
2024-01-19,5.33,4839.81,4.15
2024-01-20,5.33,4839.81,4.15
2024-01-21,5.33,4839.81,4.15
2024-01-22,5.33,4850.43,4.11
2024-01-23,5.33,4864.6,4.14
2024-01-24,5.33,4868.55,4.18
2024-01-25,5.33,4894.16,4.14
2024-01-26,5.33,4890.97,4.15
2024-01-27,5.33,4890.97,4.15
2024-01-28,5.33,4890.97,4.15
2024-01-29,5.33,4927.93,4.08
2024-01-30,5.33,4924.97,4.06
2024-01-31,5.33,4845.65,3.99
2024-02-01,5.33,4906.19,3.87
2024-02-02,5.33,4958.61,4.03
2024-02-03,5.33,4958.61,4.03
2024-02-04,5.33,4958.61,4.03
2024-02-05,5.33,4942.81,4.17
2024-02-06,5.33,4954.23,4.09
2024-02-07,5.33,4995.06,4.09
2024-02-08,5.33,4997.91,4.15
2024-02-09,5.33,5026.61,4.17
2024-02-10,5.33,5026.61,4.17
2024-02-11,5.33,5026.61,4.17
2024-02-12,5.33,5021.84,4.17
2024-02-13,5.33,4953.17,4.31
2024-02-14,5.33,5000.62,4.27
2024-02-15,5.33,5029.73,4.24
2024-02-16,5.33,5005.57,4.3
2024-02-17,5.33,5005.57,4.3
2024-02-18,5.33,5005.57,4.3
2024-02-19,5.33,5005.57,4.3
2024-02-20,5.33,4975.51,4.27
2024-02-21,5.33,4981.8,4.32
2024-02-22,5.33,5087.03,4.33
2024-02-23,5.33,5088.8,4.26
2024-02-24,5.33,5088.8,4.26
2024-02-25,5.33,5088.8,4.26
2024-02-26,5.33,5069.53,4.28
2024-02-27,5.33,5078.18,4.31
2024-02-28,5.33,5069.76,4.27
2024-02-29,5.33,5096.27,4.25
2024-03-01,5.33,5137.08,4.19
2024-03-02,5.33,5137.08,4.19
2024-03-03,5.33,5137.08,4.19
2024-03-04,5.33,5130.95,4.22
2024-03-05,5.33,5078.65,4.13
2024-03-06,5.33,5104.76,4.11
2024-03-07,5.33,5157.36,4.09
2024-03-08,5.33,5123.69,4.09
2024-03-09,5.33,5123.69,4.09
2024-03-10,5.33,5123.69,4.09
2024-03-11,5.33,5117.94,4.1
2024-03-12,5.33,5175.27,4.16
2024-03-13,5.33,5165.31,4.19
2024-03-14,5.33,5150.48,4.29
2024-03-15,5.33,5117.09,4.31
2024-03-16,5.33,5117.09,4.31
2024-03-17,5.33,5117.09,4.31
2024-03-18,5.33,5149.42,4.34
2024-03-19,5.33,5178.51,4.3
2024-03-20,5.33,5224.62,4.27
2024-03-21,5.33,5241.53,4.27
2024-03-22,5.33,5234.18,4.22
2024-03-23,5.33,5234.18,4.22
2024-03-24,5.33,5234.18,4.22
2024-03-25,5.33,5218.19,4.25
2024-03-26,5.33,5203.58,4.24
2024-03-27,5.33,5248.49,4.2
2024-03-28,5.33,5254.35,4.2
2024-03-29,5.33,5254.35,4.2
2024-03-30,5.33,5254.35,4.2
2024-03-31,5.33,5254.35,4.2
2024-04-01,5.33,5243.77,4.33
2024-04-02,5.33,5205.81,4.36
2024-04-03,5.33,5211.49,4.36
2024-04-04,5.33,5147.21,4.31
2024-04-05,5.33,5204.34,4.39
2024-04-06,5.33,5204.34,4.39
2024-04-07,5.33,5204.34,4.39
2024-04-08,5.33,5202.39,4.42
2024-04-09,5.33,5209.91,4.36
2024-04-10,5.33,5160.64,4.55
2024-04-11,5.33,5199.06,4.56
2024-04-12,5.33,5123.41,4.5
2024-04-13,5.33,5123.41,4.5
2024-04-14,5.33,5123.41,4.5
2024-04-15,5.33,5061.82,4.63
2024-04-16,5.33,5051.41,4.67
2024-04-17,5.33,5022.21,4.59
2024-04-18,5.33,5011.12,4.64
2024-04-19,5.33,4967.23,4.62
2024-04-20,5.33,4967.23,4.62
2024-04-21,5.33,4967.23,4.62
2024-04-22,5.33,5010.6,4.62
2024-04-23,5.33,5070.55,4.61
2024-04-24,5.33,5071.63,4.65
2024-04-25,5.33,5048.42,4.7
2024-04-26,5.33,5099.96,4.67
2024-04-27,5.33,5099.96,4.67
2024-04-28,5.33,5099.96,4.67
2024-04-29,5.33,5116.17,4.63
2024-04-30,5.33,5035.69,4.69
2024-05-01,5.33,5018.39,4.63
2024-05-02,5.33,5064.2,4.58
2024-05-03,5.33,5127.79,4.5
2024-05-04,5.33,5127.79,4.5
2024-05-05,5.33,5127.79,4.5
2024-05-06,5.33,5180.74,4.49
2024-05-07,5.33,5187.7,4.47
2024-05-08,5.33,5187.67,4.48
2024-05-09,5.33,5214.08,4.45
2024-05-10,5.33,5222.68,4.5
2024-05-11,5.33,5222.68,4.5
2024-05-12,5.33,5222.68,4.5
2024-05-13,5.33,5221.42,4.48
2024-05-14,5.33,5246.68,4.45
2024-05-15,5.33,5308.15,4.36
2024-05-16,5.33,5297.1,4.38
2024-05-17,5.33,5303.27,4.42
2024-05-18,5.33,5303.27,4.42
2024-05-19,5.33,5303.27,4.42
2024-05-20,5.33,5308.13,4.44
2024-05-21,5.33,5321.41,4.41
2024-05-22,5.33,5307.01,4.43
2024-05-23,5.33,5267.84,4.47
2024-05-24,5.33,5304.72,4.46
2024-05-25,5.33,5304.72,4.46
2024-05-26,5.33,5304.72,4.46
2024-05-27,5.33,5304.72,4.46
2024-05-28,5.33,5306.04,4.54
2024-05-29,5.33,5266.95,4.61
2024-05-30,5.33,5235.48,4.55
2024-05-31,5.33,5277.51,4.51
2024-06-01,5.33,5277.51,4.51
2024-06-02,5.33,5277.51,4.51
2024-06-03,5.33,5283.4,4.41
2024-06-04,5.33,5291.34,4.33
2024-06-05,5.33,5354.03,4.29
2024-06-06,5.33,5352.96,4.28
2024-06-07,5.33,5346.99,4.43
2024-06-08,5.33,5346.99,4.43
2024-06-09,5.33,5346.99,4.43
2024-06-10,5.33,5360.79,4.47
2024-06-11,5.33,5375.32,4.39
2024-06-12,5.33,5421.03,4.31
2024-06-13,5.33,5433.74,4.24
2024-06-14,5.33,5431.6,4.2
2024-06-15,5.33,5431.6,4.2
2024-06-16,5.33,5431.6,4.2
2024-06-17,5.33,5473.23,4.28
2024-06-18,5.33,5487.03,4.22
2024-06-19,5.33,5487.03,4.22
2024-06-20,5.33,5473.17,4.25
2024-06-21,5.33,5464.62,4.25
2024-06-22,5.33,5464.62,4.25
2024-06-23,5.33,5464.62,4.25
2024-06-24,5.33,5447.87,4.25
2024-06-25,5.33,5469.3,4.23
2024-06-26,5.33,5477.9,4.32
2024-06-27,5.33,5482.87,4.29
2024-06-28,5.33,5460.48,4.36
2024-06-29,5.33,5460.48,4.36
2024-06-30,5.33,5460.48,4.36
2024-07-01,5.33,5475.09,4.48
2024-07-02,5.33,5509.01,4.43
2024-07-03,5.33,5537.02,4.36
2024-07-04,5.33,5537.02,4.36
2024-07-05,5.33,5567.19,4.28
2024-07-06,5.33,5567.19,4.28
2024-07-07,5.33,5567.19,4.28
2024-07-08,5.33,5572.85,4.28
2024-07-09,5.33,5576.98,4.3
2024-07-10,5.33,5633.91,4.28
2024-07-11,5.33,5584.54,4.2
2024-07-12,5.33,5615.35,4.18
2024-07-13,5.33,5615.35,4.18
2024-07-14,5.33,5615.35,4.18
2024-07-15,5.33,5631.22,4.23
2024-07-16,5.33,5667.2,4.17
2024-07-17,5.33,5588.27,4.16
2024-07-18,5.33,5544.59,4.2
2024-07-19,5.33,5505.0,4.25
2024-07-20,5.33,5505.0,4.25
2024-07-21,5.33,5505.0,4.25
2024-07-22,5.33,5564.41,4.26
2024-07-23,5.33,5555.74,4.25
2024-07-24,5.33,5427.13,4.28
2024-07-25,5.33,5399.22,4.27
2024-07-26,5.33,5459.1,4.2
2024-07-27,5.33,5459.1,4.2
2024-07-28,5.33,5459.1,4.2
2024-07-29,5.33,5463.54,4.17
2024-07-30,5.33,5436.44,4.15
2024-07-31,5.33,5522.3,4.09
2024-08-01,5.33,5446.68,3.99
2024-08-02,5.33,5346.56,3.8
2024-08-03,5.33,5346.56,3.8
2024-08-04,5.33,5346.56,3.8
2024-08-05,5.33,5186.33,3.78
2024-08-06,5.33,5240.03,3.9
2024-08-07,5.33,5199.5,3.96
2024-08-08,5.33,5319.31,3.99
2024-08-09,5.33,5344.16,3.94
2024-08-10,5.33,5344.16,3.94
2024-08-11,5.33,5344.16,3.94
2024-08-12,5.33,5344.39,3.9
2024-08-13,5.33,5434.43,3.85
2024-08-14,5.33,5455.21,3.83
2024-08-15,5.33,5543.22,3.92
2024-08-16,5.33,5554.25,3.89
2024-08-17,5.33,5554.25,3.89
2024-08-18,5.33,5554.25,3.89
2024-08-19,5.33,5608.25,3.86
2024-08-20,5.33,5597.12,3.82
2024-08-21,5.33,5620.85,3.79
2024-08-22,5.33,5570.64,3.86
2024-08-23,5.33,5634.61,3.81
2024-08-24,5.33,5634.61,3.81
2024-08-25,5.33,5634.61,3.81
2024-08-26,5.33,5616.84,3.82
2024-08-27,5.33,5625.8,3.83
2024-08-28,5.33,5592.18,3.84
2024-08-29,5.33,5591.96,3.87
2024-08-30,5.33,5648.4,3.91
2024-08-31,5.33,5648.4,3.91
2024-09-01,5.33,5648.4,3.91
2024-09-02,5.33,5648.4,3.91
2024-09-03,5.33,5528.93,3.84
2024-09-04,5.33,5520.07,3.77
2024-09-05,5.33,5503.41,3.73
2024-09-06,5.33,5408.42,3.72
2024-09-07,5.33,5408.42,3.72
2024-09-08,5.33,5408.42,3.72
2024-09-09,5.33,5471.05,3.7
2024-09-10,5.33,5495.52,3.65
2024-09-11,5.33,5554.13,3.65
2024-09-12,5.33,5595.76,3.68
2024-09-13,5.33,5626.02,3.66
2024-09-14,5.33,5626.02,3.66
2024-09-15,5.33,5626.02,3.66
2024-09-16,5.33,5633.09,3.63
2024-09-17,5.33,5634.58,3.65
2024-09-18,5.33,5618.26,3.7
2024-09-19,4.83,5713.64,3.73
2024-09-20,4.83,5702.55,3.73
2024-09-21,4.83,5702.55,3.73
2024-09-22,4.83,5702.55,3.73
2024-09-23,4.83,5718.57,3.75
2024-09-24,4.83,5732.93,3.74
2024-09-25,4.83,5722.26,3.79
2024-09-26,4.83,5745.37,3.79
2024-09-27,4.83,5738.17,3.75
2024-09-28,4.83,5738.17,3.75
2024-09-29,4.83,5738.17,3.75
2024-09-30,4.83,5762.48,3.81
2024-10-01,4.83,5708.75,3.74
2024-10-02,4.83,5709.54,3.79
2024-10-03,4.83,5699.94,3.85
2024-10-04,4.83,5751.07,3.98
2024-10-05,4.83,5751.07,3.98
2024-10-06,4.83,5751.07,3.98
2024-10-07,4.83,5695.94,4.03
2024-10-08,4.83,5751.13,4.04
2024-10-09,4.83,5792.04,4.06
2024-10-10,4.83,5780.05,4.09
2024-10-11,4.83,5815.03,4.08
2024-10-12,4.83,5815.03,4.08
2024-10-13,4.83,5815.03,4.08
2024-10-14,4.83,5859.85,4.08
2024-10-15,4.83,5815.26,4.03
2024-10-16,4.83,5842.47,4.02
2024-10-17,4.83,5841.47,4.09
2024-10-18,4.83,5864.67,4.08
2024-10-19,4.83,5864.67,4.08
2024-10-20,4.83,5864.67,4.08
2024-10-21,4.83,5853.98,4.19
2024-10-22,4.83,5851.2,4.2
2024-10-23,4.83,5797.42,4.24
2024-10-24,4.83,5809.86,4.21
2024-10-25,4.83,5808.12,4.25
2024-10-26,4.83,5808.12,4.25
2024-10-27,4.83,5808.12,4.25
2024-10-28,4.83,5823.52,4.28
2024-10-29,4.83,5832.92,4.28
2024-10-30,4.83,5813.67,4.29
2024-10-31,4.83,5705.45,4.28
2024-11-01,4.83,5728.8,4.37
2024-11-02,4.83,5728.8,4.37
2024-11-03,4.83,5728.8,4.37
2024-11-04,4.83,5712.69,4.31
2024-11-05,4.83,5782.76,4.26
2024-11-06,4.83,5929.04,4.42
2024-11-07,4.83,5973.1,4.31
2024-11-08,4.58,5995.54,4.3
2024-11-09,4.58,5995.54,4.3
2024-11-10,4.58,5995.54,4.3
2024-11-11,4.58,6001.35,4.3
2024-11-12,4.58,5983.99,4.43
2024-11-13,4.58,5985.38,4.44
2024-11-14,4.58,5949.17,4.43
2024-11-15,4.58,5870.62,4.43
2024-11-16,4.58,5870.62,4.43
2024-11-17,4.58,5870.62,4.43
2024-11-18,4.58,5893.62,4.42
2024-11-19,4.58,5916.98,4.39
2024-11-20,4.58,5917.11,4.41
2024-11-21,4.58,5948.71,4.43
2024-11-22,4.58,5969.34,4.41
2024-11-23,4.58,5969.34,4.41
2024-11-24,4.58,5969.34,4.41
2024-11-25,4.58,5987.37,4.27
2024-11-26,4.58,6021.63,4.3
2024-11-27,4.58,5998.74,4.25
2024-11-28,4.58,5998.74,4.25
2024-11-29,4.58,6032.38,4.18
2024-11-30,4.58,6032.38,4.18
2024-12-01,4.58,6032.38,4.18
2024-12-02,4.58,6047.15,4.19
2024-12-03,4.58,6049.88,4.23
2024-12-04,4.58,6086.49,4.19
2024-12-05,4.58,6075.11,4.17
2024-12-06,4.58,6090.27,4.15
2024-12-07,4.58,6090.27,4.15
2024-12-08,4.58,6090.27,4.15
2024-12-09,4.58,6052.85,4.2
2024-12-10,4.58,6034.91,4.22
2024-12-11,4.58,6084.19,4.26
2024-12-12,4.58,6051.25,4.32
2024-12-13,4.58,6051.09,4.4
2024-12-14,4.58,6051.09,4.4
2024-12-15,4.58,6051.09,4.4
2024-12-16,4.58,6074.08,4.39
2024-12-17,4.58,6050.61,4.4
2024-12-18,4.58,5872.16,4.5
2024-12-19,4.33,5867.08,4.57
2024-12-20,4.33,5930.85,4.52
2024-12-21,4.33,5930.85,4.52
2024-12-22,4.33,5930.85,4.52
2024-12-23,4.33,5974.07,4.59
2024-12-24,4.33,6040.04,4.59
2024-12-25,4.33,6040.04,4.59
2024-12-26,4.33,6037.59,4.58
2024-12-27,4.33,5970.84,4.62
2024-12-28,4.33,5970.84,4.62
2024-12-29,4.33,5970.84,4.62
2024-12-30,4.33,5906.94,4.55
2024-12-31,4.33,5881.63,4.58
