,gtrends
2020-01-01,
2020-01-02,23.0
2020-01-03,26.0
2020-01-04,29.0
2020-01-05,26.0
2020-01-06,26.0
2020-01-07,30.0
2020-01-08,34.0
2020-01-09,38.0
2020-01-10,30.0
2020-01-11,29.0
2020-01-12,27.0
2020-01-13,26.0
2020-01-14,26.0
2020-01-15,38.0
2020-01-16,37.0
2020-01-17,31.0
2020-01-18,33.0
2020-01-19,30.0
2020-01-20,32.0
2020-01-21,30.0
2020-01-22,29.0
2020-01-23,27.0
2020-01-24,28.0
2020-01-25,26.0
2020-01-26,23.0
2020-01-27,23.0
2020-01-28,28.0
2020-01-29,32.0
2020-01-30,34.0
2020-01-31,33.0
2020-02-01,31.0
2020-02-02,28.0
2020-02-03,27.0
2020-02-04,28.0
2020-02-05,30.0
2020-02-06,31.0
2020-02-07,34.0
2020-02-08,33.0
2020-02-09,30.0
2020-02-10,40.0
2020-02-11,35.0
2020-02-12,37.0
2020-02-13,41.0
2020-02-14,37.0
2020-02-15,33.0
2020-02-16,32.0
2020-02-17,31.0
2020-02-18,34.0
2020-02-19,32.0
2020-02-20,35.0
2020-02-21,34.0
2020-02-22,33.0
2020-02-23,26.0
2020-02-24,28.0
2020-02-25,32.0
2020-02-26,32.0
2020-02-27,35.0
2020-02-28,35.0
2020-02-29,36.0
2020-03-01,29.0
2020-03-02,28.0
2020-03-03,31.0
2020-03-04,30.0
2020-03-05,31.0
2020-03-06,32.0
2020-03-07,30.0
2020-03-08,27.0
2020-03-09,31.0
2020-03-10,51.0
2020-03-11,40.0
2020-03-12,36.0
2020-03-13,72.0
2020-03-14,100.0
2020-03-15,65.0
2020-03-16,55.0
2020-03-17,64.0
2020-03-18,58.0
2020-03-19,53.0
2020-03-20,61.0
2020-03-21,60.0
2020-03-22,49.0
2020-03-23,45.0
2020-03-24,46.0
2020-03-25,48.0
2020-03-26,44.0
2020-03-27,40.0
2020-03-28,38.0
2020-03-29,39.0
2020-03-30,38.0
2020-03-31,38.0
2020-04-01,34.0
2020-04-02,35.0
2020-04-03,38.0
2020-04-04,36.0
2020-04-05,33.0
2020-04-06,35.0
2020-04-07,39.0
2020-04-08,40.0
2020-04-09,37.0
2020-04-10,35.0
2020-04-11,39.0
2020-04-12,36.0
2020-04-13,35.0
2020-04-14,36.0
2020-04-15,34.0
2020-04-16,35.0
2020-04-17,36.0
2020-04-18,34.0
2020-04-19,34.0
2020-04-20,34.0
2020-04-21,33.0
2020-04-22,35.0
2020-04-23,34.0
2020-04-24,37.0
2020-04-25,39.0
2020-04-26,35.0
2020-04-27,36.0
2020-04-28,38.0
2020-04-29,39.0
2020-04-30,54.0
2020-05-01,60.0
2020-05-02,47.0
2020-05-03,44.0
2020-05-04,47.0
2020-05-05,45.0
2020-05-06,43.0
2020-05-07,47.0
2020-05-08,61.0
2020-05-09,67.0
2020-05-10,56.0
2020-05-11,73.0
2020-05-12,86.0
2020-05-13,64.0
2020-05-14,52.0
2020-05-15,55.0
2020-05-16,46.0
2020-05-17,42.0
2020-05-18,45.0
2020-05-19,44.0
2020-05-20,41.0
2020-05-21,38.0
2020-05-22,42.0
2020-05-23,40.0
2020-05-24,34.0
2020-05-25,38.0
2020-05-26,40.0
2020-05-27,38.0
2020-05-28,37.0
2020-05-29,36.0
2020-05-30,35.0
2020-05-31,34.0
2020-06-01,33.0
2020-06-02,33.0
2020-06-03,46.0
2020-06-04,36.0
2020-06-05,35.0
2020-06-06,34.0
2020-06-07,31.0
2020-06-08,32.0
2020-06-09,32.0
2020-06-10,32.0
2020-06-11,33.0
2020-06-12,35.0
2020-06-13,34.0
2020-06-14,30.0
2020-06-15,29.0
2020-06-16,34.0
2020-06-17,31.0
2020-06-18,32.0
2020-06-19,30.0
2020-06-20,30.0
2020-06-21,26.0
2020-06-22,26.0
2020-06-23,30.0
2020-06-24,30.0
2020-06-25,31.0
2020-06-26,31.0
2020-06-27,28.0
2020-06-28,27.0
2020-06-29,30.0
2020-06-30,29.0
2020-07-01,29.0
2020-07-02,29.0
2020-07-03,16.0
2020-07-04,15.0
2020-07-05,14.0
2020-07-06,14.0
2020-07-07,15.0
2020-07-08,15.0
2020-07-09,16.0
2020-07-10,16.0
2020-07-11,16.0
2020-07-12,14.0
2020-07-13,14.0
2020-07-14,15.0
2020-07-15,16.0
2020-07-16,18.0
2020-07-17,21.0
2020-07-18,16.0
2020-07-19,23.0
2020-07-20,15.0
2020-07-21,14.0
2020-07-22,15.0
2020-07-23,15.0
2020-07-24,16.0
2020-07-25,17.0
2020-07-26,17.0
2020-07-27,21.0
2020-07-28,29.0
2020-07-29,31.0
2020-07-30,25.0
2020-07-31,22.0
2020-08-01,23.0
2020-08-02,27.0
2020-08-03,28.0
2020-08-04,24.0
2020-08-05,20.0
2020-08-06,23.0
2020-08-07,24.0
2020-08-08,22.0
2020-08-09,21.0
2020-08-10,20.0
2020-08-11,23.0
2020-08-12,21.0
2020-08-13,21.0
2020-08-14,20.0
2020-08-15,19.0
2020-08-16,19.0
2020-08-17,20.0
2020-08-18,23.0
2020-08-19,23.0
2020-08-20,20.0
2020-08-21,19.0
2020-08-22,18.0
2020-08-23,18.0
2020-08-24,17.0
2020-08-25,17.0
2020-08-26,18.0
2020-08-27,17.0
2020-08-28,17.0
2020-08-29,16.0
2020-08-30,15.0
2020-08-31,16.0
2020-09-01,16.0
2020-09-02,18.0
2020-09-03,18.0
2020-09-04,20.0
2020-09-05,22.0
2020-09-06,20.0
2020-09-07,19.0
2020-09-08,19.0
2020-09-09,18.0
2020-09-10,17.0
2020-09-11,16.0
2020-09-12,15.0
2020-09-13,15.0
2020-09-14,16.0
2020-09-15,16.0
2020-09-16,16.0
2020-09-17,16.0
2020-09-18,16.0
2020-09-19,15.0
2020-09-20,14.0
2020-09-21,14.0
2020-09-22,15.0
2020-09-23,15.0
2020-09-24,15.0
2020-09-25,15.0
2020-09-26,14.0
2020-09-27,12.0
2020-09-28,13.0
2020-09-29,14.0
2020-09-30,14.0
2020-10-01,13.0
2020-10-02,14.0
2020-10-03,13.0
2020-10-04,12.0
2020-10-05,12.0
2020-10-06,13.0
2020-10-07,14.0
2020-10-08,12.0
2020-10-09,13.0
2020-10-10,14.0
2020-10-11,15.0
2020-10-12,14.0
2020-10-13,16.0
2020-10-14,15.0
2020-10-15,15.0
2020-10-16,15.0
2020-10-17,14.0
2020-10-18,13.0
2020-10-19,13.0
2020-10-20,15.0
2020-10-21,19.0
2020-10-22,25.0
2020-10-23,27.0
2020-10-24,22.0
2020-10-25,19.0
2020-10-26,19.0
2020-10-27,20.0
2020-10-28,24.0
2020-10-29,25.0
2020-10-30,21.0
2020-10-31,20.0
2020-11-01,21.0
2020-11-02,20.0
2020-11-03,20.0
2020-11-04,19.0
2020-11-05,19.0
2020-11-06,29.0
2020-11-07,31.0
2020-11-08,25.0
2020-11-09,23.0
2020-11-10,25.0
2020-11-11,21.0
2020-11-12,23.0
2020-11-13,25.0
2020-11-14,28.0
2020-11-15,22.0
2020-11-16,21.0
2020-11-17,26.0
2020-11-18,36.0
2020-11-19,44.0
2020-11-20,34.0
2020-11-21,36.0
2020-11-22,37.0
2020-11-23,33.0
2020-11-24,32.0
2020-11-25,44.0
2020-11-26,41.0
2020-11-27,50.0
2020-11-28,34.0
2020-11-29,29.0
2020-11-30,27.0
2020-12-01,39.0
2020-12-02,40.0
2020-12-03,31.0
2020-12-04,30.0
2020-12-05,31.0
2020-12-06,27.0
2020-12-07,25.0
2020-12-08,26.0
2020-12-09,26.0
2020-12-10,27.0
2020-12-11,25.0
2020-12-12,26.0
2020-12-13,23.0
2020-12-14,25.0
2020-12-15,23.0
2020-12-16,24.0
2020-12-17,45.0
2020-12-18,79.0
2020-12-19,53.0
2020-12-20,45.0
2020-12-21,44.0
2020-12-22,48.0
2020-12-23,40.0
2020-12-24,39.0
2020-12-25,34.0
2020-12-26,40.0
2020-12-27,56.0
2020-12-28,76.0
2020-12-29,58.0
2020-12-30,51.0
2020-12-31,57.0
2021-01-01,58.0
2021-01-02,58.0
2021-01-03,100.0
2021-01-04,56.0
2021-01-05,48.0
2021-01-06,40.0
2021-01-07,40.0
2021-01-08,64.0
2021-01-09,61.0
2021-01-10,49.0
2021-01-11,49.0
2021-01-12,71.0
2021-01-13,51.0
2021-01-14,47.0
2021-01-15,47.0
2021-01-16,43.0
2021-01-17,34.0
2021-01-18,32.0
2021-01-19,30.0
2021-01-20,29.0
2021-01-21,28.0
2021-01-22,36.0
2021-01-23,38.0
2021-01-24,28.0
2021-01-25,24.0
2021-01-26,27.0
2021-01-27,25.0
2021-01-28,27.0
2021-01-29,27.0
2021-01-30,45.0
2021-01-31,30.0
2021-02-01,26.0
2021-02-02,27.0
2021-02-03,24.0
2021-02-04,26.0
2021-02-05,26.0
2021-02-06,24.0
2021-02-07,30.0
2021-02-08,26.0
2021-02-09,60.0
2021-02-10,69.0
2021-02-11,44.0
2021-02-12,44.0
2021-02-13,40.0
2021-02-14,33.0
2021-02-15,38.0
2021-02-16,37.0
2021-02-17,42.0
2021-02-18,48.0
2021-02-19,42.0
2021-02-20,48.0
2021-02-21,52.0
2021-02-22,48.0
2021-02-23,54.0
2021-02-24,67.0
2021-02-25,52.0
2021-02-26,38.0
2021-02-27,43.0
2021-02-28,35.0
2021-03-01,37.0
2021-03-02,36.0
2021-03-03,33.0
2021-03-04,31.0
2021-03-05,29.0
2021-03-06,29.0
2021-03-07,26.0
2021-03-08,26.0
2021-03-09,28.0
2021-03-10,33.0
2021-03-11,32.0
2021-03-12,31.0
2021-03-13,32.0
2021-03-14,41.0
2021-03-15,37.0
2021-03-16,34.0
2021-03-17,31.0
2021-03-18,29.0
2021-03-19,30.0
2021-03-20,27.0
2021-03-21,26.0
2021-03-22,26.0
2021-03-23,27.0
2021-03-24,27.0
2021-03-25,29.0
2021-03-26,33.0
2021-03-27,26.0
2021-03-28,25.0
2021-03-29,24.0
2021-03-30,27.0
2021-03-31,29.0
2021-04-01,27.0
2021-04-02,31.0
2021-04-03,27.0
2021-04-04,25.0
2021-04-05,24.0
2021-04-06,26.0
2021-04-07,25.0
2021-04-08,24.0
2021-04-09,25.0
2021-04-10,22.0
2021-04-11,26.0
2021-04-12,25.0
2021-04-13,25.0
2021-04-14,34.0
2021-04-15,37.0
2021-04-16,32.0
2021-04-17,37.0
2021-04-18,28.0
2021-04-19,53.0
2021-04-20,42.0
2021-04-21,37.0
2021-04-22,30.0
2021-04-23,34.0
2021-04-24,54.0
2021-04-25,38.0
2021-04-26,32.0
2021-04-27,34.0
2021-04-28,32.0
2021-04-29,28.0
2021-04-30,26.0
2021-05-01,27.0
2021-05-02,26.0
2021-05-03,24.0
2021-05-04,27.0
2021-05-05,27.0
2021-05-06,28.0
2021-05-07,27.0
2021-05-08,24.0
2021-05-09,25.0
2021-05-10,26.0
2021-05-11,27.0
2021-05-12,27.0
2021-05-13,26.0
2021-05-14,67.0
2021-05-15,42.0
2021-05-16,33.0
2021-05-17,35.0
2021-05-18,50.0
2021-05-19,39.0
2021-05-20,100.0
2021-05-21,76.0
2021-05-22,55.0
2021-05-23,50.0
2021-05-24,59.0
2021-05-25,55.0
2021-05-26,42.0
2021-05-27,39.0
2021-05-28,33.0
2021-05-29,35.0
2021-05-30,32.0
2021-05-31,34.0
2021-06-01,31.0
2021-06-02,30.0
2021-06-03,29.0
2021-06-04,31.0
2021-06-05,32.0
2021-06-06,29.0
2021-06-07,30.0
2021-06-08,29.0
2021-06-09,42.0
2021-06-10,35.0
2021-06-11,31.0
2021-06-12,28.0
2021-06-13,24.0
2021-06-14,25.0
2021-06-15,30.0
2021-06-16,27.0
2021-06-17,24.0
2021-06-18,22.0
2021-06-19,22.0
2021-06-20,20.0
2021-06-21,22.0
2021-06-22,32.0
2021-06-23,43.0
2021-06-24,31.0
2021-06-25,25.0
2021-06-26,28.0
2021-06-27,23.0
2021-06-28,23.0
2021-06-29,24.0
2021-06-30,23.0
2021-07-01,21.0
2021-07-02,20.0
2021-07-03,19.0
2021-07-04,18.0
2021-07-05,46.0
2021-07-06,46.0
2021-07-07,41.0
2021-07-08,38.0
2021-07-09,42.0
2021-07-10,40.0
2021-07-11,34.0
2021-07-12,33.0
2021-07-13,38.0
2021-07-14,40.0
2021-07-15,40.0
2021-07-16,41.0
2021-07-17,41.0
2021-07-18,37.0
2021-07-19,37.0
2021-07-20,44.0
2021-07-21,59.0
2021-07-22,52.0
2021-07-23,48.0
2021-07-24,41.0
2021-07-25,41.0
2021-07-26,40.0
2021-07-27,82.0
2021-07-28,56.0
2021-07-29,52.0
2021-07-30,44.0
2021-07-31,44.0
2021-08-01,44.0
2021-08-02,46.0
2021-08-03,44.0
2021-08-04,41.0
2021-08-05,39.0
2021-08-06,42.0
2021-08-07,44.0
2021-08-08,49.0
2021-08-09,48.0
2021-08-10,53.0
2021-08-11,51.0
2021-08-12,52.0
2021-08-13,48.0
2021-08-14,47.0
2021-08-15,46.0
2021-08-16,44.0
2021-08-17,47.0
2021-08-18,43.0
2021-08-19,43.0
2021-08-20,41.0
2021-08-21,46.0
2021-08-22,44.0
2021-08-23,42.0
2021-08-24,54.0
2021-08-25,47.0
2021-08-26,43.0
2021-08-27,41.0
2021-08-28,41.0
2021-08-29,38.0
2021-08-30,36.0
2021-08-31,39.0
2021-09-01,37.0
2021-09-02,38.0
2021-09-03,41.0
2021-09-04,40.0
2021-09-05,36.0
2021-09-06,38.0
2021-09-07,45.0
2021-09-08,72.0
2021-09-09,67.0
2021-09-10,48.0
2021-09-11,43.0
2021-09-12,39.0
2021-09-13,37.0
2021-09-14,40.0
2021-09-15,38.0
2021-09-16,38.0
2021-09-17,37.0
2021-09-18,36.0
2021-09-19,33.0
2021-09-20,31.0
2021-09-21,49.0
2021-09-22,53.0
2021-09-23,45.0
2021-09-24,40.0
2021-09-25,62.0
2021-09-26,44.0
2021-09-27,36.0
2021-09-28,36.0
2021-09-29,38.0
2021-09-30,37.0
2021-10-01,37.0
2021-10-02,43.0
2021-10-03,38.0
2021-10-04,36.0
2021-10-05,41.0
2021-10-06,47.0
2021-10-07,59.0
2021-10-08,52.0
2021-10-09,45.0
2021-10-10,41.0
2021-10-11,40.0
2021-10-12,49.0
2021-10-13,49.0
2021-10-14,43.0
2021-10-15,46.0
2021-10-16,65.0
2021-10-17,58.0
2021-10-18,48.0
2021-10-19,55.0
2021-10-20,67.0
2021-10-21,84.0
2021-10-22,77.0
2021-10-23,62.0
2021-10-24,50.0
2021-10-25,44.0
2021-10-26,51.0
2021-10-27,55.0
2021-10-28,57.0
2021-10-29,53.0
2021-10-30,49.0
2021-10-31,43.0
2021-11-01,40.0
2021-11-02,45.0
2021-11-03,47.0
2021-11-04,42.0
2021-11-05,43.0
2021-11-06,42.0
2021-11-07,38.0
2021-11-08,38.0
2021-11-09,54.0
2021-11-10,62.0
2021-11-11,55.0
2021-11-12,49.0
2021-11-13,47.0
2021-11-14,43.0
2021-11-15,44.0
2021-11-16,46.0
2021-11-17,60.0
2021-11-18,53.0
2021-11-19,54.0
2021-11-20,54.0
2021-11-21,43.0
2021-11-22,42.0
2021-11-23,46.0
2021-11-24,51.0
2021-11-25,51.0
2021-11-26,43.0
2021-11-27,55.0
2021-11-28,44.0
2021-11-29,43.0
2021-11-30,48.0
2021-12-01,46.0
2021-12-02,42.0
2021-12-03,40.0
2021-12-04,42.0
2021-12-05,94.0
2021-12-06,66.0
2021-12-07,64.0
2021-12-08,54.0
2021-12-09,50.0
2021-12-10,50.0
2021-12-11,47.0
2021-12-12,44.0
2021-12-13,41.0
2021-12-14,49.0
2021-12-15,54.0
2021-12-16,50.0
2021-12-17,46.0
2021-12-18,45.0
2021-12-19,40.0
2021-12-20,40.0
2021-12-21,43.0
2021-12-22,45.0
2021-12-23,41.0
2021-12-24,42.0
2021-12-25,44.0
2021-12-26,41.0
2021-12-27,41.0
2021-12-28,41.0
2021-12-29,43.0
2021-12-30,45.0
2021-12-31,41.0
2022-01-01,41.0
2022-01-02,44.0
2022-01-03,41.0
2022-01-04,42.0
2022-01-05,100.0
2022-01-06,18.0
2022-01-07,27.0
2022-01-08,33.0
2022-01-09,29.0
2022-01-10,25.0
2022-01-11,28.0
2022-01-12,26.0
2022-01-13,25.0
2022-01-14,48.0
2022-01-15,18.0
2022-01-16,20.0
2022-01-17,36.0
2022-01-18,17.0
2022-01-19,19.0
2022-01-20,19.0
2022-01-21,19.0
2022-01-22,39.0
2022-01-23,50.0
2022-01-24,37.0
2022-01-25,100.0
2022-01-26,32.0
2022-01-27,31.0
2022-01-28,27.0
2022-01-29,28.0
2022-01-30,25.0
2022-01-31,23.0
2022-02-01,24.0
2022-02-02,26.0
2022-02-03,24.0
2022-02-04,24.0
2022-02-05,26.0
2022-02-06,26.0
2022-02-07,22.0
2022-02-08,27.0
2022-02-09,25.0
2022-02-10,25.0
2022-02-11,20.0
2022-02-12,22.0
2022-02-13,19.0
2022-02-14,19.0
2022-02-15,20.0
2022-02-16,21.0
2022-02-17,19.0
2022-02-18,21.0
2022-02-19,21.0
2022-02-20,18.0
2022-02-21,21.0
2022-02-22,23.0
2022-02-23,25.0
2022-02-24,20.0
2022-02-25,42.0
2022-02-26,29.0
2022-02-27,20.0
2022-02-28,24.0
2022-03-01,25.0
2022-03-02,28.0
2022-03-03,25.0
2022-03-04,22.0
2022-03-05,22.0
2022-03-06,19.0
2022-03-07,18.0
2022-03-08,22.0
2022-03-09,20.0
2022-03-10,24.0
2022-03-11,20.0
2022-03-12,20.0
2022-03-13,17.0
2022-03-14,17.0
2022-03-15,19.0
2022-03-16,17.0
2022-03-17,19.0
2022-03-18,18.0
2022-03-19,18.0
2022-03-20,16.0
2022-03-21,16.0
2022-03-22,17.0
2022-03-23,18.0
2022-03-24,17.0
2022-03-25,19.0
2022-03-26,19.0
2022-03-27,17.0
2022-03-28,17.0
2022-03-29,22.0
2022-03-30,19.0
2022-03-31,18.0
2022-04-01,18.0
2022-04-02,18.0
2022-04-03,16.0
2022-04-04,15.0
2022-04-05,17.0
2022-04-06,16.0
2022-04-07,18.0
2022-04-08,17.0
2022-04-09,16.0
2022-04-10,15.0
2022-04-11,14.0
2022-04-12,19.0
2022-04-13,18.0
2022-04-14,17.0
2022-04-15,16.0
2022-04-16,15.0
2022-04-17,13.0
2022-04-18,14.0
2022-04-19,16.0
2022-04-20,16.0
2022-04-21,14.0
2022-04-22,15.0
2022-04-23,15.0
2022-04-24,13.0
2022-04-25,13.0
2022-04-26,16.0
2022-04-27,16.0
2022-04-28,15.0
2022-04-29,15.0
2022-04-30,15.0
2022-05-01,14.0
2022-05-02,14.0
2022-05-03,15.0
2022-05-04,15.0
2022-05-05,15.0
2022-05-06,18.0
2022-05-07,19.0
2022-05-08,15.0
2022-05-09,18.0
2022-05-10,31.0
2022-05-11,31.0
2022-05-12,37.0
2022-05-13,54.0
2022-05-14,42.0
2022-05-15,30.0
2022-05-16,25.0
2022-05-17,26.0
2022-05-18,24.0
2022-05-19,24.0
2022-05-20,23.0
2022-05-21,21.0
2022-05-22,19.0
2022-05-23,18.0
2022-05-24,20.0
2022-05-25,20.0
2022-05-26,19.0
2022-05-27,18.0
2022-05-28,19.0
2022-05-29,17.0
2022-05-30,15.0
2022-05-31,19.0
2022-06-01,18.0
2022-06-02,17.0
2022-06-03,16.0
2022-06-04,17.0
2022-06-05,14.0
2022-06-06,14.0
2022-06-07,16.0
2022-06-08,17.0
2022-06-09,16.0
2022-06-10,15.0
2022-06-11,16.0
2022-06-12,15.0
2022-06-13,20.0
2022-06-14,52.0
2022-06-15,50.0
2022-06-16,49.0
2022-06-17,40.0
2022-06-18,35.0
2022-06-19,52.0
2022-06-20,49.0
2022-06-21,39.0
2022-06-22,33.0
2022-06-23,30.0
2022-06-24,28.0
2022-06-25,25.0
2022-06-26,21.0
2022-06-27,20.0
2022-06-28,23.0
2022-06-29,22.0
2022-06-30,22.0
2022-07-01,28.0
2022-07-02,26.0
2022-07-03,22.0
2022-07-04,22.0
2022-07-05,22.0
2022-07-06,23.0
2022-07-07,69.0
2022-07-08,69.0
2022-07-09,69.0
2022-07-10,54.0
2022-07-11,53.0
2022-07-12,67.0
2022-07-13,69.0
2022-07-14,67.0
2022-07-15,64.0
2022-07-16,57.0
2022-07-17,51.0
2022-07-18,52.0
2022-07-19,65.0
2022-07-20,66.0
2022-07-21,69.0
2022-07-22,76.0
2022-07-23,63.0
2022-07-24,52.0
2022-07-25,49.0
2022-07-26,54.0
2022-07-27,58.0
2022-07-28,55.0
2022-07-29,58.0
2022-07-30,54.0
2022-07-31,47.0
2022-08-01,47.0
2022-08-02,51.0
2022-08-03,50.0
2022-08-04,53.0
2022-08-05,48.0
2022-08-06,47.0
2022-08-07,40.0
2022-08-08,40.0
2022-08-09,49.0
2022-08-10,49.0
2022-08-11,47.0
2022-08-12,50.0
2022-08-13,48.0
2022-08-14,40.0
2022-08-15,45.0
2022-08-16,46.0
2022-08-17,44.0
2022-08-18,47.0
2022-08-19,42.0
2022-08-20,56.0
2022-08-21,46.0
2022-08-22,42.0
2022-08-23,48.0
2022-08-24,45.0
2022-08-25,41.0
2022-08-26,42.0
2022-08-27,45.0
2022-08-28,45.0
2022-08-29,43.0
2022-08-30,53.0
2022-08-31,47.0
2022-09-01,46.0
2022-09-02,44.0
2022-09-03,42.0
2022-09-04,37.0
2022-09-05,38.0
2022-09-06,41.0
2022-09-07,45.0
2022-09-08,50.0
2022-09-09,44.0
2022-09-10,48.0
2022-09-11,42.0
2022-09-12,39.0
2022-09-13,45.0
2022-09-14,49.0
2022-09-15,48.0
2022-09-16,45.0
2022-09-17,47.0
2022-09-18,40.0
2022-09-19,38.0
2022-09-20,52.0
2022-09-21,48.0
2022-09-22,50.0
2022-09-23,50.0
2022-09-24,48.0
2022-09-25,39.0
2022-09-26,38.0
2022-09-27,45.0
2022-09-28,47.0
2022-09-29,44.0
2022-09-30,43.0
2022-10-01,40.0
2022-10-02,35.0
2022-10-03,34.0
2022-10-04,39.0
2022-10-05,39.0
2022-10-06,38.0
2022-10-07,37.0
2022-10-08,39.0
2022-10-09,33.0
2022-10-10,33.0
2022-10-11,37.0
2022-10-12,38.0
2022-10-13,37.0
2022-10-14,40.0
2022-10-15,38.0
2022-10-16,32.0
2022-10-17,31.0
2022-10-18,34.0
2022-10-19,38.0
2022-10-20,35.0
2022-10-21,35.0
2022-10-22,34.0
2022-10-23,30.0
2022-10-24,31.0
2022-10-25,35.0
2022-10-26,37.0
2022-10-27,40.0
2022-10-28,38.0
2022-10-29,37.0
2022-10-30,35.0
2022-10-31,32.0
2022-11-01,37.0
2022-11-02,34.0
2022-11-03,36.0
2022-11-04,36.0
2022-11-05,38.0
2022-11-06,34.0
2022-11-07,31.0
2022-11-08,35.0
2022-11-09,52.0
2022-11-10,95.0
2022-11-11,100.0
2022-11-12,85.0
2022-11-13,80.0
2022-11-14,69.0
2022-11-15,79.0
2022-11-16,64.0
2022-11-17,65.0
2022-11-18,58.0
2022-11-19,55.0
2022-11-20,46.0
2022-11-21,44.0
2022-11-22,57.0
2022-11-23,55.0
2022-11-24,50.0
2022-11-25,44.0
2022-11-26,44.0
2022-11-27,38.0
2022-11-28,37.0
2022-11-29,45.0
2022-11-30,44.0
2022-12-01,45.0
2022-12-02,43.0
2022-12-03,38.0
2022-12-04,35.0
2022-12-05,35.0
2022-12-06,40.0
2022-12-07,39.0
2022-12-08,39.0
2022-12-09,41.0
2022-12-10,36.0
2022-12-11,32.0
2022-12-12,35.0
2022-12-13,39.0
2022-12-14,44.0
2022-12-15,41.0
2022-12-16,41.0
2022-12-17,43.0
2022-12-18,37.0
2022-12-19,33.0
2022-12-20,38.0
2022-12-21,37.0
2022-12-22,39.0
2022-12-23,38.0
2022-12-24,37.0
2022-12-25,34.0
2022-12-26,35.0
2022-12-27,36.0
2022-12-28,37.0
2022-12-29,37.0
2022-12-30,36.0
2022-12-31,36.0
2023-01-01,32.0
2023-01-02,35.0
2023-01-03,35.0
2023-01-04,37.0
2023-01-05,40.0
2023-01-06,35.0
2023-01-07,36.0
2023-01-08,49.0
2023-01-09,47.0
2023-01-10,57.0
2023-01-11,55.0
2023-01-12,56.0
2023-01-13,68.0
2023-01-14,72.0
2023-01-15,90.0
2023-01-16,70.0
2023-01-17,80.0
2023-01-18,76.0
2023-01-19,70.0
2023-01-20,67.0
2023-01-21,71.0
2023-01-22,79.0
2023-01-23,72.0
2023-01-24,75.0
2023-01-25,69.0
2023-01-26,68.0
2023-01-27,69.0
2023-01-28,60.0
2023-01-29,60.0
2023-01-30,62.0
2023-01-31,67.0
2023-02-01,62.0
2023-02-02,66.0
2023-02-03,76.0
2023-02-04,64.0
2023-02-05,57.0
2023-02-06,59.0
2023-02-07,59.0
2023-02-08,57.0
2023-02-09,58.0
2023-02-10,60.0
2023-02-11,61.0
2023-02-12,53.0
2023-02-13,53.0
2023-02-14,55.0
2023-02-15,56.0
2023-02-16,61.0
2023-02-17,79.0
2023-02-18,64.0
2023-02-19,59.0
2023-02-20,58.0
2023-02-21,62.0
2023-02-22,63.0
2023-02-23,57.0
2023-02-24,57.0
2023-02-25,57.0
2023-02-26,52.0
2023-02-27,52.0
2023-02-28,58.0
2023-03-01,55.0
2023-03-02,51.0
2023-03-03,58.0
2023-03-04,61.0
2023-03-05,54.0
2023-03-06,49.0
2023-03-07,53.0
2023-03-08,52.0
2023-03-09,54.0
2023-03-10,63.0
2023-03-11,78.0
2023-03-12,64.0
2023-03-13,63.0
2023-03-14,92.0
2023-03-15,100.0
2023-03-16,84.0
2023-03-17,70.0
2023-03-18,84.0
2023-03-19,83.0
2023-03-20,83.0
2023-03-21,98.0
2023-03-22,89.0
2023-03-23,86.0
2023-03-24,84.0
2023-03-25,82.0
2023-03-26,66.0
2023-03-27,67.0
2023-03-28,78.0
2023-03-29,73.0
2023-03-30,75.0
2023-03-31,75.0
2023-04-01,72.0
2023-04-02,61.0
2023-04-03,62.0
2023-04-04,68.0
2023-04-05,68.0
2023-04-06,66.0
2023-04-07,65.0
2023-04-08,66.0
2023-04-09,57.0
2023-04-10,55.0
2023-04-11,67.0
2023-04-12,94.0
2023-04-13,79.0
2023-04-14,74.0
2023-04-15,80.0
2023-04-16,70.0
2023-04-17,64.0
2023-04-18,69.0
2023-04-19,71.0
2023-04-20,70.0
2023-04-21,69.0
2023-04-22,68.0
2023-04-23,60.0
2023-04-24,62.0
2023-04-25,67.0
2023-04-26,63.0
2023-04-27,75.0
2023-04-28,65.0
2023-04-29,62.0
2023-04-30,57.0
2023-05-01,57.0
2023-05-02,63.0
2023-05-03,60.0
2023-05-04,63.0
2023-05-05,61.0
2023-05-06,58.0
2023-05-07,53.0
2023-05-08,54.0
2023-05-09,67.0
2023-05-10,62.0
2023-05-11,64.0
2023-05-12,60.0
2023-05-13,60.0
2023-05-14,51.0
2023-05-15,49.0
2023-05-16,53.0
2023-05-17,55.0
2023-05-18,52.0
2023-05-19,54.0
2023-05-20,55.0
2023-05-21,48.0
2023-05-22,49.0
2023-05-23,56.0
2023-05-24,53.0
2023-05-25,52.0
2023-05-26,55.0
2023-05-27,54.0
2023-05-28,48.0
2023-05-29,49.0
2023-05-30,53.0
2023-05-31,53.0
2023-06-01,52.0
2023-06-02,54.0
2023-06-03,52.0
2023-06-04,46.0
2023-06-05,47.0
2023-06-06,62.0
2023-06-07,65.0
2023-06-08,59.0
2023-06-09,55.0
2023-06-10,49.0
2023-06-11,59.0
2023-06-12,57.0
2023-06-13,57.0
2023-06-14,52.0
2023-06-15,55.0
2023-06-16,62.0
2023-06-17,56.0
2023-06-18,50.0
2023-06-19,51.0
2023-06-20,53.0
2023-06-21,58.0
2023-06-22,80.0
2023-06-23,74.0
2023-06-24,72.0
2023-06-25,63.0
2023-06-26,62.0
2023-06-27,64.0
2023-06-28,63.0
2023-06-29,63.0
2023-06-30,63.0
2023-07-01,67.0
2023-07-02,58.0
2023-07-03,55.0
2023-07-04,67.0
2023-07-05,61.0
2023-07-06,60.0
2023-07-07,64.0
2023-07-08,59.0
2023-07-09,43.0
2023-07-10,43.0
2023-07-11,46.0
2023-07-12,47.0
2023-07-13,46.0
2023-07-14,51.0
2023-07-15,55.0
2023-07-16,48.0
2023-07-17,44.0
2023-07-18,48.0
2023-07-19,45.0
2023-07-20,47.0
2023-07-21,46.0
2023-07-22,44.0
2023-07-23,38.0
2023-07-24,39.0
2023-07-25,47.0
2023-07-26,44.0
2023-07-27,43.0
2023-07-28,43.0
2023-07-29,43.0
2023-07-30,40.0
2023-07-31,41.0
2023-08-01,42.0
2023-08-02,43.0
2023-08-03,43.0
2023-08-04,42.0
2023-08-05,43.0
2023-08-06,41.0
2023-08-07,39.0
2023-08-08,41.0
2023-08-09,44.0
2023-08-10,44.0
2023-08-11,44.0
2023-08-12,42.0
2023-08-13,39.0
2023-08-14,37.0
2023-08-15,41.0
2023-08-16,40.0
2023-08-17,43.0
2023-08-18,52.0
2023-08-19,70.0
2023-08-20,53.0
2023-08-21,44.0
2023-08-22,47.0
2023-08-23,49.0
2023-08-24,47.0
2023-08-25,42.0
2023-08-26,43.0
2023-08-27,39.0
2023-08-28,40.0
2023-08-29,41.0
2023-08-30,53.0
2023-08-31,49.0
2023-09-01,45.0
2023-09-02,46.0
2023-09-03,40.0
2023-09-04,39.0
2023-09-05,42.0
2023-09-06,41.0
2023-09-07,41.0
2023-09-08,41.0
2023-09-09,41.0
2023-09-10,38.0
2023-09-11,37.0
2023-09-12,42.0
2023-09-13,42.0
2023-09-14,41.0
2023-09-15,39.0
2023-09-16,37.0
2023-09-17,34.0
2023-09-18,35.0
2023-09-19,41.0
2023-09-20,41.0
2023-09-21,40.0
2023-09-22,38.0
2023-09-23,37.0
2023-09-24,35.0
2023-09-25,34.0
2023-09-26,37.0
2023-09-27,37.0
2023-09-28,37.0
2023-09-29,38.0
2023-09-30,36.0
2023-10-01,35.0
2023-10-02,37.0
2023-10-03,46.0
2023-10-04,40.0
2023-10-05,39.0
2023-10-06,37.0
2023-10-07,36.0
2023-10-08,35.0
2023-10-09,37.0
2023-10-10,40.0
2023-10-11,38.0
2023-10-12,38.0
2023-10-13,38.0
2023-10-14,37.0
2023-10-15,35.0
2023-10-16,35.0
2023-10-17,47.0
2023-10-18,45.0
2023-10-19,43.0
2023-10-20,43.0
2023-10-21,49.0
2023-10-22,45.0
2023-10-23,43.0
2023-10-24,59.0
2023-10-25,100.0
2023-10-26,73.0
2023-10-27,66.0
2023-10-28,55.0
2023-10-29,49.0
2023-10-30,49.0
2023-10-31,49.0
2023-11-01,50.0
2023-11-02,50.0
2023-11-03,58.0
2023-11-04,55.0
2023-11-05,47.0
2023-11-06,48.0
2023-11-07,50.0
2023-11-08,50.0
2023-11-09,51.0
2023-11-10,70.0
2023-11-11,64.0
2023-11-12,51.0
2023-11-13,50.0
2023-11-14,54.0
2023-11-15,56.0
2023-11-16,55.0
2023-11-17,55.0
2023-11-18,51.0
2023-11-19,51.0
2023-11-20,44.0
2023-11-21,51.0
2023-11-22,50.0
2023-11-23,51.0
2023-11-24,49.0
2023-11-25,51.0
2023-11-26,45.0
2023-11-27,45.0
2023-11-28,46.0
2023-11-29,44.0
2023-11-30,47.0
2023-12-01,46.0
2023-12-02,52.0
2023-12-03,52.0
2023-12-04,56.0
2023-12-05,91.0
2023-12-06,88.0
2023-12-07,86.0
2023-12-08,73.0
2023-12-09,70.0
2023-12-10,63.0
2023-12-11,57.0
2023-12-12,71.0
2023-12-13,60.0
2023-12-14,61.0
2023-12-15,60.0
2023-12-16,55.0
2023-12-17,53.0
2023-12-18,50.0
2023-12-19,57.0
2023-12-20,57.0
2023-12-21,61.0
2023-12-22,59.0
2023-12-23,60.0
2023-12-24,54.0
2023-12-25,53.0
2023-12-26,55.0
2023-12-27,58.0
2023-12-28,61.0
2023-12-29,57.0
2023-12-30,57.0
2023-12-31,51.0
2024-01-01,47.0
2024-01-02,55.0
2024-01-03,83.0
2024-01-04,93.0
2024-01-05,74.0
2024-01-06,75.0
2024-01-07,62.0
2024-01-08,61.0
2024-01-09,84.0
2024-01-10,60.0
2024-01-11,83.0
2024-01-12,90.0
2024-01-13,60.0
2024-01-14,43.0
2024-01-15,37.0
2024-01-16,40.0
2024-01-17,37.0
2024-01-18,33.0
2024-01-19,35.0
2024-01-20,34.0
2024-01-21,30.0
2024-01-22,28.0
2024-01-23,35.0
2024-01-24,37.0
2024-01-25,33.0
2024-01-26,31.0
2024-01-27,30.0
2024-01-28,25.0
2024-01-29,25.0
2024-01-30,28.0
2024-01-31,29.0
2024-02-01,29.0
2024-02-02,27.0
2024-02-03,25.0
2024-02-04,23.0
2024-02-05,23.0
2024-02-06,25.0
2024-02-07,25.0
2024-02-08,24.0
2024-02-09,31.0
2024-02-10,36.0
2024-02-11,29.0
2024-02-12,31.0
2024-02-13,41.0
2024-02-14,43.0
2024-02-15,46.0
2024-02-16,46.0
2024-02-17,38.0
2024-02-18,32.0
2024-02-19,32.0
2024-02-20,34.0
2024-02-21,35.0
2024-02-22,32.0
2024-02-23,32.0
2024-02-24,30.0
2024-02-25,27.0
2024-02-26,28.0
2024-02-27,36.0
2024-02-28,60.0
2024-02-29,96.0
2024-03-01,83.0
2024-03-02,62.0
2024-03-03,51.0
2024-03-04,47.0
2024-03-05,87.0
2024-03-06,100.0
2024-03-07,77.0
2024-03-08,61.0
2024-03-09,61.0
2024-03-10,55.0
2024-03-11,55.0
2024-03-12,83.0
2024-03-13,75.0
2024-03-14,69.0
2024-03-15,61.0
2024-03-16,69.0
2024-03-17,52.0
2024-03-18,51.0
2024-03-19,51.0
2024-03-20,64.0
2024-03-21,59.0
2024-03-22,53.0
2024-03-23,46.0
2024-03-24,41.0
2024-03-25,41.0
2024-03-26,52.0
2024-03-27,50.0
2024-03-28,46.0
2024-03-29,47.0
2024-03-30,45.0
2024-03-31,38.0
2024-04-01,38.0
2024-04-02,44.0
2024-04-03,51.0
2024-04-04,44.0
2024-04-05,43.0
2024-04-06,40.0
2024-04-07,33.0
2024-04-08,35.0
2024-04-09,46.0
2024-04-10,41.0
2024-04-11,42.0
2024-04-12,42.0
2024-04-13,44.0
2024-04-14,54.0
2024-04-15,57.0
2024-04-16,52.0
2024-04-17,51.0
2024-04-18,50.0
2024-04-19,56.0
2024-04-20,77.0
2024-04-21,72.0
2024-04-22,43.0
2024-04-23,44.0
2024-04-24,36.0
2024-04-25,37.0
2024-04-26,36.0
2024-04-27,32.0
2024-04-28,30.0
2024-04-29,30.0
2024-04-30,33.0
2024-05-01,39.0
2024-05-02,46.0
2024-05-03,39.0
2024-05-04,36.0
2024-05-05,32.0
2024-05-06,29.0
2024-05-07,34.0
2024-05-08,30.0
2024-05-09,31.0
2024-05-10,28.0
2024-05-11,29.0
2024-05-12,27.0
2024-05-13,25.0
2024-05-14,30.0
2024-05-15,28.0
2024-05-16,32.0
2024-05-17,32.0
2024-05-18,32.0
2024-05-19,27.0
2024-05-20,27.0
2024-05-21,34.0
2024-05-22,41.0
2024-05-23,34.0
2024-05-24,34.0
2024-05-25,31.0
2024-05-26,26.0
2024-05-27,27.0
2024-05-28,29.0
2024-05-29,30.0
2024-05-30,28.0
2024-05-31,27.0
2024-06-01,25.0
2024-06-02,23.0
2024-06-03,23.0
2024-06-04,28.0
2024-06-05,29.0
2024-06-06,33.0
2024-06-07,31.0
2024-06-08,30.0
2024-06-09,27.0
2024-06-10,25.0
2024-06-11,28.0
2024-06-12,31.0
2024-06-13,30.0
2024-06-14,29.0
2024-06-15,27.0
2024-06-16,25.0
2024-06-17,24.0
2024-06-18,27.0
2024-06-19,30.0
2024-06-20,27.0
2024-06-21,26.0
2024-06-22,26.0
2024-06-23,22.0
2024-06-24,22.0
2024-06-25,36.0
2024-06-26,30.0
2024-06-27,27.0
2024-06-28,25.0
2024-06-29,26.0
2024-06-30,22.0
2024-07-01,22.0
2024-07-02,25.0
2024-07-03,25.0
2024-07-04,27.0
2024-07-05,34.0
2024-07-06,43.0
2024-07-07,29.0
2024-07-08,27.0
2024-07-09,34.0
2024-07-10,29.0
2024-07-11,21.0
2024-07-12,23.0
2024-07-13,22.0
2024-07-14,18.0
2024-07-15,23.0
2024-07-16,25.0
2024-07-17,26.0
2024-07-18,23.0
2024-07-19,22.0
2024-07-20,26.0
2024-07-21,21.0
2024-07-22,22.0
2024-07-23,24.0
2024-07-24,24.0
2024-07-25,23.0
2024-07-26,23.0
2024-07-27,23.0
2024-07-28,28.0
2024-07-29,24.0
2024-07-30,28.0
2024-07-31,23.0
2024-08-01,20.0
2024-08-02,22.0
2024-08-03,22.0
2024-08-04,22.0
2024-08-05,24.0
2024-08-06,69.0
2024-08-07,41.0
2024-08-08,31.0
2024-08-09,27.0
2024-08-10,25.0
2024-08-11,21.0
2024-08-12,21.0
2024-08-13,23.0
2024-08-14,22.0
2024-08-15,22.0
2024-08-16,23.0
2024-08-17,21.0
2024-08-18,18.0
2024-08-19,19.0
2024-08-20,20.0
2024-08-21,22.0
2024-08-22,20.0
2024-08-23,20.0
2024-08-24,23.0
2024-08-25,20.0
2024-08-26,19.0
2024-08-27,20.0
2024-08-28,20.0
2024-08-29,21.0
2024-08-30,19.0
2024-08-31,19.0
2024-09-01,16.0
2024-09-02,17.0
2024-09-03,19.0
2024-09-04,19.0
2024-09-05,20.0
2024-09-06,19.0
2024-09-07,23.0
2024-09-08,20.0
2024-09-09,19.0
2024-09-10,21.0
2024-09-11,18.0
2024-09-12,19.0
2024-09-13,18.0
2024-09-14,19.0
2024-09-15,18.0
2024-09-16,17.0
2024-09-17,19.0
2024-09-18,19.0
2024-09-19,20.0
2024-09-20,22.0
2024-09-21,21.0
2024-09-22,17.0
2024-09-23,17.0
2024-09-24,19.0
2024-09-25,19.0
2024-09-26,19.0
2024-09-27,20.0
2024-09-28,21.0
2024-09-29,18.0
2024-09-30,17.0
2024-10-01,18.0
2024-10-02,20.0
2024-10-03,19.0
2024-10-04,18.0
2024-10-05,18.0
2024-10-06,16.0
2024-10-07,16.0
2024-10-08,18.0
2024-10-09,18.0
2024-10-10,20.0
2024-10-11,18.0
2024-10-12,19.0
2024-10-13,15.0
2024-10-14,14.0
2024-10-15,19.0
2024-10-16,18.0
2024-10-17,20.0
2024-10-18,17.0
2024-10-19,19.0
2024-10-20,17.0
2024-10-21,17.0
2024-10-22,19.0
2024-10-23,18.0
2024-10-24,17.0
2024-10-25,18.0
2024-10-26,18.0
2024-10-27,16.0
2024-10-28,16.0
2024-10-29,20.0
2024-10-30,33.0
2024-10-31,27.0
2024-11-01,24.0
2024-11-02,22.0
2024-11-03,17.0
2024-11-04,19.0
2024-11-05,20.0
2024-11-06,21.0
2024-11-07,77.0
2024-11-08,46.0
2024-11-09,37.0
2024-11-10,31.0
2024-11-11,52.0
2024-11-12,80.0
2024-11-13,87.0
2024-11-14,78.0
2024-11-15,67.0
2024-11-16,48.0
2024-11-17,42.0
2024-11-18,39.0
2024-11-19,44.0
2024-11-20,42.0
2024-11-21,48.0
2024-11-22,75.0
2024-11-23,77.0
2024-11-24,53.0
2024-11-25,47.0
2024-11-26,51.0
2024-11-27,49.0
2024-11-28,45.0
2024-11-29,37.0
2024-11-30,38.0
2024-12-01,34.0
2024-12-02,32.0
2024-12-03,38.0
2024-12-04,36.0
2024-12-05,38.0
2024-12-06,100.0
2024-12-07,61.0
2024-12-08,42.0
2024-12-09,39.0
2024-12-10,43.0
2024-12-11,46.0
2024-12-12,42.0
2024-12-13,41.0
2024-12-14,35.0
2024-12-15,33.0
2024-12-16,35.0
2024-12-17,52.0
2024-12-18,46.0
2024-12-19,44.0
2024-12-20,48.0
2024-12-21,53.0
2024-12-22,36.0
2024-12-23,34.0
2024-12-24,38.0
2024-12-25,39.0
2024-12-26,35.0
2024-12-27,37.0
2024-12-28,35.0
2024-12-29,29.0
2024-12-30,31.0
2024-12-31,33.0
